timestamp,warnings_count,warning_types,high_severity,medium_severity,low_severity
5.748651,1,{'car': 1},0,0,1
5.786174,0,{},0,0,0
5.831761,0,{},0,0,0
5.877037,0,{},0,0,0
5.942863,0,{},0,0,0
6.010384,0,{},0,0,0
6.058394,0,{},0,0,0
6.103444,0,{},0,0,0
6.154439,0,{},0,0,0
6.199964,0,{},0,0,0
6.237122,0,{},0,0,0
6.283131,0,{},0,0,0
6.328497,0,{},0,0,0
6.38497,0,{},0,0,0
6.668324,0,{},0,0,0
6.736047,0,{},0,0,0
7.022547,0,{},0,0,0
7.103604,0,{},0,0,0
7.428902,0,{},0,0,0
7.489209,0,{},0,0,0
7.770111,0,{},0,0,0
7.838622,0,{},0,0,0
8.125107,0,{},0,0,0
8.221125,0,{},0,0,0
8.51613,0,{},0,0,0
8.589649,0,{},0,0,0
8.936354,0,{},0,0,0
9.000868,0,{},0,0,0
9.317424,0,{},0,0,0
9.403521,1,{'car': 1},0,0,1
9.790583,1,{'car': 1},0,0,1
9.869613,1,{'car': 1},0,0,1
10.201907,1,{'car': 1},0,0,1
10.438699,1,{'car': 1},0,0,1
10.758325,1,{'car': 1},0,0,1
10.842376,1,{'car': 1},0,0,1
11.145638,1,{'car': 1},0,0,1
11.230093,0,{},0,0,0
11.523529,0,{},0,0,0
11.594371,0,{},0,0,0
11.881149,0,{},0,0,0
11.966363,0,{},0,0,0
12.270751,0,{},0,0,0
12.389074,0,{},0,0,0
12.657855,0,{},0,0,0
12.729345,0,{},0,0,0
13.040696,0,{},0,0,0
13.255184,0,{},0,0,0
13.547466,0,{},0,0,0
13.626045,0,{},0,0,0
13.982428,0,{},0,0,0
14.229775,0,{},0,0,0
14.529657,0,{},0,0,0
14.635021,0,{},0,0,0
14.946342,0,{},0,0,0
15.0124,0,{},0,0,0
15.313874,0,{},0,0,0
15.381857,0,{},0,0,0
15.68198,0,{},0,0,0
15.754753,0,{},0,0,0
16.068332,0,{},0,0,0
16.141053,0,{},0,0,0
16.427115,0,{},0,0,0
16.500735,0,{},0,0,0
16.802042,0,{},0,0,0
16.912957,0,{},0,0,0
17.228847,0,{},0,0,0
17.293462,0,{},0,0,0
17.630454,0,{},0,0,0
17.869922,1,{'car': 1},0,0,1
18.183914,1,{'car': 1},0,0,1
18.26448,1,{'car': 1},0,0,1
18.570899,1,{'car': 1},0,0,1
18.628681,1,{'car': 1},0,0,1
18.933216,1,{'car': 1},0,0,1
19.058103,0,{},0,0,0
19.361651,0,{},0,0,0
19.430488,0,{},0,0,0
19.725317,0,{},0,0,0
19.808269,1,{'car': 1},0,0,1
20.103223,1,{'car': 1},0,0,1
20.170562,1,{'car': 1},0,0,1
20.464566,1,{'car': 1},0,0,1
20.543126,1,{'car': 1},0,0,1
20.842788,1,{'car': 1},0,0,1
20.922812,1,{'car': 1},0,0,1
21.233065,1,{'car': 1},0,0,1
21.354584,1,{'car': 1},0,0,1
21.66741,1,{'car': 1},0,0,1
21.738444,1,{'car': 1},0,0,1
22.05308,1,{'car': 1},0,0,1
22.126509,0,{},0,0,0
22.40948,0,{},0,0,0
22.501864,1,{'car': 1},0,0,1
22.815639,1,{'car': 1},0,0,1
22.918062,0,{},0,0,0
23.307004,0,{},0,0,0
23.55439,0,{},0,0,0
23.860674,0,{},0,0,0
23.940921,0,{},0,0,0
24.253798,0,{},0,0,0
24.332629,0,{},0,0,0
24.622563,0,{},0,0,0
24.700758,0,{},0,0,0
25.001779,0,{},0,0,0
25.083514,0,{},0,0,0
25.386742,0,{},0,0,0
25.481106,0,{},0,0,0
25.815031,0,{},0,0,0
25.885272,0,{},0,0,0
26.182169,0,{},0,0,0
26.253078,0,{},0,0,0
26.58232,0,{},0,0,0
26.652545,0,{},0,0,0
26.989892,0,{},0,0,0
27.234989,1,{'car': 1},0,0,1
27.579205,1,{'car': 1},0,0,1
27.709739,1,{'car': 1},0,0,1
28.046599,1,{'car': 1},0,0,1
28.155625,0,{},0,0,0
28.458807,0,{},0,0,0
28.540277,0,{},0,0,0
28.83748,0,{},0,0,0
28.914025,0,{},0,0,0
29.223155,0,{},0,0,0
29.320358,0,{},0,0,0
29.622969,0,{},0,0,0
29.710545,0,{},0,0,0
30.006163,0,{},0,0,0
30.089694,0,{},0,0,0
30.411411,0,{},0,0,0
30.548903,1,{'car': 1},0,0,1
30.858936,1,{'car': 1},0,0,1
30.933482,0,{},0,0,0
31.258247,0,{},0,0,0
31.357069,0,{},0,0,0
31.667246,0,{},0,0,0
31.739768,0,{},0,0,0
32.093037,0,{},0,0,0
32.187224,0,{},0,0,0
32.530574,0,{},0,0,0
32.670096,1,{'car': 1},0,0,1
33.034673,1,{'car': 1},0,0,1
33.299194,0,{},0,0,0
33.652975,0,{},0,0,0
33.753938,1,{'car': 1},0,0,1
34.121995,1,{'car': 1},0,0,1
34.216517,1,{'car': 1},0,0,1
34.549381,1,{'car': 1},0,0,1
34.669359,1,{'car': 1},0,0,1
34.987629,1,{'car': 1},0,0,1
35.281564,0,{},0,0,0
35.627718,0,{},0,0,0
35.719762,1,{'car': 1},0,0,1
36.120118,1,{'car': 1},0,0,1
36.404505,1,{'car': 1},0,0,1
36.767761,0,{},0,0,0
36.891915,0,{},0,0,0
37.248877,0,{},0,0,0
37.330394,0,{},0,0,0
37.689282,1,{'car': 1},0,0,1
37.772311,1,{'car': 1},0,0,1
38.111017,1,{'car': 1},0,0,1
38.385675,1,{'car': 1},0,0,1
38.753709,1,{'car': 1},0,0,1
39.021323,1,{'car': 1},0,0,1
39.406336,1,{'car': 1},0,0,1
39.488362,0,{},0,0,0
39.849879,1,{'car': 1},0,0,1
39.93291,1,{'car': 1},0,0,1
40.278124,0,{},0,0,0
40.360662,0,{},0,0,0
40.718057,0,{},0,0,0
40.810575,1,{'car': 1},0,0,1
41.172773,1,{'car': 1},0,0,1
41.314732,1,{'car': 1},0,0,1
41.669711,1,{'car': 1},0,0,1
41.756502,1,{'car': 1},0,0,1
42.146838,1,{'car': 1},0,0,1
42.422939,1,{'car': 1},0,0,1
42.808322,1,{'car': 1},0,0,1
43.107747,1,{'car': 1},0,0,1
43.478476,1,{'car': 1},0,0,1
43.591489,1,{'car': 1},0,0,1
43.939927,1,{'car': 1},0,0,1
44.087449,1,{'car': 1},0,0,1
44.453694,1,{'car': 1},0,0,1
44.55742,1,{'car': 1},0,0,1
44.894555,1,{'car': 1},0,0,1
45.220759,1,{'car': 1},0,0,1
45.590132,1,{'car': 1},0,0,1
45.684433,1,{'car': 1},0,0,1
46.061726,1,{'car': 1},0,0,1
46.185297,1,{'car': 1},0,0,1
46.505816,1,{'car': 1},0,0,1
46.591898,1,{'car': 1},0,0,1
46.93955,1,{'car': 1},0,0,1
47.029595,1,{'car': 1},0,0,1
47.392837,1,{'car': 1},0,0,1
47.670102,1,{'car': 1},0,0,1
48.047829,1,{'car': 1},0,0,1
48.180858,1,{'car': 1},0,0,1
48.523247,1,{'car': 1},0,0,1
48.628112,1,{'car': 1},0,0,1
48.978825,1,{'car': 1},0,0,1
49.281994,1,{'car': 1},0,0,1
49.657664,1,{'car': 1},0,0,1
49.93367,1,{'car': 1},0,0,1
50.321452,1,{'car': 1},0,0,1
50.471494,1,{'car': 1},0,0,1
50.84208,1,{'car': 1},0,0,1
50.935624,1,{'car': 1},0,0,1
51.297508,1,{'car': 1},0,0,1
51.384593,1,{'car': 1},0,0,1
51.737872,1,{'car': 1},0,0,1
52.035083,1,{'car': 1},0,0,1
52.406096,1,{'car': 1},0,0,1
52.55956,1,{'car': 1},0,0,1
52.945513,1,{'car': 1},0,0,1
53.252556,1,{'car': 1},0,0,1
53.611252,1,{'car': 1},0,0,1
53.699463,1,{'car': 1},0,0,1
54.042517,1,{'car': 1},0,0,1
54.355614,1,{'car': 1},0,0,1
54.725839,1,{'car': 1},0,0,1
54.903394,1,{'car': 1},0,0,1
55.290392,1,{'car': 1},0,0,1
55.60028,1,{'car': 1},0,0,1
55.993448,1,{'car': 1},0,0,1
56.308166,1,{'car': 1},0,0,1
56.712241,1,{'car': 1},0,0,1
57.00683,1,{'car': 1},0,0,1
57.410788,1,{'car': 1},0,0,1
57.753911,1,{'car': 1},0,0,1
58.114421,1,{'car': 1},0,0,1
58.434046,1,{'car': 1},0,0,1
58.820063,1,{'car': 1},0,0,1
59.138764,1,{'car': 1},0,0,1
59.542477,1,{'car': 1},0,0,1
59.856892,1,{'car': 1},0,0,1
60.261205,1,{'car': 1},0,0,1
60.587648,1,{'car': 1},0,0,1
61.039654,1,{'car': 1},0,0,1
61.333793,1,{'car': 1},0,0,1
61.724527,1,{'car': 1},0,0,1
62.367309,1,{'car': 1},0,0,1
63.175205,1,{'car': 1},0,0,1
63.814312,1,{'car': 1},0,0,1
64.445811,1,{'car': 1},0,0,1
64.723442,1,{'car': 1},0,0,1
65.134106,1,{'car': 1},0,0,1
65.456594,1,{'car': 1},0,0,1
65.841229,1,{'car': 1},0,0,1
66.554993,1,{'car': 1},0,0,1
66.941779,1,{'car': 1},0,0,1
67.218873,1,{'car': 1},0,0,1
67.607856,1,{'car': 1},0,0,1
67.926386,1,{'car': 1},0,0,1
68.316531,1,{'car': 1},0,0,1
68.64284,1,{'car': 1},0,0,1
69.095423,1,{'car': 1},0,0,1
69.974251,0,{},0,0,0
71.020413,1,{'car': 1},0,0,1
71.820394,1,{'car': 1},0,0,1
71.906589,1,{'car': 1},0,0,1
72.256883,0,{},0,0,0
72.742881,1,{'car': 1},0,0,1
72.86884,0,{},0,0,0
73.839513,0,{},0,0,0
74.175646,0,{},0,0,0
74.627706,0,{},0,0,0
75.184309,0,{},0,0,0
75.692379,0,{},0,0,0
76.029902,0,{},0,0,0
76.461948,0,{},0,0,0
76.723045,0,{},0,0,0
77.08077,0,{},0,0,0
77.199896,0,{},0,0,0
77.580105,0,{},0,0,0
77.913771,0,{},0,0,0
78.323897,0,{},0,0,0
78.647689,0,{},0,0,0
79.035719,0,{},0,0,0
79.358292,0,{},0,0,0
79.73234,0,{},0,0,0
80.015723,0,{},0,0,0
80.385272,0,{},0,0,0
80.643283,0,{},0,0,0
81.032141,0,{},0,0,0
81.316661,0,{},0,0,0
81.773916,0,{},0,0,0
82.093753,0,{},0,0,0
82.478506,0,{},0,0,0
82.765354,0,{},0,0,0
83.13415,0,{},0,0,0
83.241641,0,{},0,0,0
83.609613,0,{},0,0,0
83.892784,0,{},0,0,0
84.274785,0,{},0,0,0
84.575344,0,{},0,0,0
84.953978,0,{},0,0,0
85.084365,0,{},0,0,0
85.420463,0,{},0,0,0
85.698849,0,{},0,0,0
86.067929,0,{},0,0,0
86.370796,0,{},0,0,0
86.769869,0,{},0,0,0
87.052546,0,{},0,0,0
87.421555,0,{},0,0,0
87.522064,0,{},0,0,0
87.92365,0,{},0,0,0
88.179306,0,{},0,0,0
88.577969,0,{},0,0,0
88.850214,0,{},0,0,0
89.200035,0,{},0,0,0
89.492624,0,{},0,0,0
89.859053,0,{},0,0,0
89.966747,0,{},0,0,0
90.30059,0,{},0,0,0
90.433642,0,{},0,0,0
90.798998,0,{},0,0,0
91.079959,0,{},0,0,0
91.441679,0,{},0,0,0
91.537139,0,{},0,0,0
91.905759,0,{},0,0,0
92.18402,0,{},0,0,0
92.564341,0,{},0,0,0
92.68843,0,{},0,0,0
93.022624,0,{},0,0,0
93.121702,0,{},0,0,0
93.480568,0,{},0,0,0
93.762678,0,{},0,0,0
94.13652,0,{},0,0,0
94.397592,0,{},0,0,0
94.857259,0,{},0,0,0
95.014749,0,{},0,0,0
95.377299,0,{},0,0,0
95.474453,0,{},0,0,0
95.856482,0,{},0,0,0
96.139555,0,{},0,0,0
96.589752,0,{},0,0,0
96.946072,0,{},0,0,0
97.473467,0,{},0,0,0
97.863951,0,{},0,0,0
98.303183,0,{},0,0,0
98.615527,0,{},0,0,0
99.039443,0,{},0,0,0
99.428227,0,{},0,0,0
99.91029,0,{},0,0,0
100.319523,0,{},0,0,0
100.716579,0,{},0,0,0
101.004231,0,{},0,0,0
101.413885,0,{},0,0,0
101.756018,0,{},0,0,0
102.141662,0,{},0,0,0
102.257318,0,{},0,0,0
102.647021,0,{},0,0,0
102.954622,0,{},0,0,0
103.328583,0,{},0,0,0
103.61514,0,{},0,0,0
104.024179,0,{},0,0,0
104.286328,0,{},0,0,0
104.687036,0,{},0,0,0
105.007664,0,{},0,0,0
105.385841,0,{},0,0,0
105.66782,0,{},0,0,0
106.072886,0,{},0,0,0
106.360562,0,{},0,0,0
106.727677,0,{},0,0,0
107.062844,0,{},0,0,0
107.449059,0,{},0,0,0
107.718619,0,{},0,0,0
108.120193,0,{},0,0,0
108.511847,0,{},0,0,0
108.910631,0,{},0,0,0
109.309602,0,{},0,0,0
109.720462,0,{},0,0,0
110.035549,1,{'car': 1},0,0,1
110.474573,0,{},0,0,0
110.875232,1,{'car': 1},0,0,1
111.354297,1,{'car': 1},0,0,1
111.732035,1,{'car': 1},0,0,1
112.134856,0,{},0,0,0
112.410283,0,{},0,0,0
112.804743,0,{},0,0,0
112.89581,0,{},0,0,0
113.255013,0,{},0,0,0
113.356558,1,{'car': 1},0,0,1
113.74193,1,{'car': 1},0,0,1
114.059872,1,{'car': 1},0,0,1
114.458589,1,{'car': 1},0,0,1
114.585699,0,{},0,0,0
114.942853,0,{},0,0,0
115.224482,0,{},0,0,0
115.590706,1,{'car': 1},0,0,1
115.708893,0,{},0,0,0
116.101631,0,{},0,0,0
116.395801,0,{},0,0,0
116.772091,0,{},0,0,0
117.073695,0,{},0,0,0
117.44529,0,{},0,0,0
117.728095,0,{},0,0,0
118.133545,0,{},0,0,0
118.465266,1,{'car': 1},0,0,1
118.892224,1,{'car': 1},0,0,1
119.1793,1,{'car': 1},0,0,1
119.598365,1,{'car': 1},0,0,1
119.939969,1,{'car': 1},0,0,1
120.340247,1,{'car': 1},0,0,1
120.752033,1,{'car': 1},0,0,1
121.275522,1,{'car': 1},0,0,1
121.608252,1,{'car': 1},0,0,1
122.121422,1,{'car': 1},0,0,1
122.387681,1,{'car': 1},0,0,1
122.803998,1,{'car': 1},0,0,1
123.148308,1,{'car': 1},0,0,1
123.624508,1,{'car': 1},0,0,1
123.956816,1,{'car': 1},0,0,1
124.398394,1,{'car': 1},0,0,1
124.7018,1,{'car': 1},0,0,1
125.14944,1,{'car': 1},0,0,1
125.540501,1,{'car': 1},0,0,1
125.977349,1,{'car': 1},0,0,1
126.657088,1,{'car': 1},0,0,1
127.332538,1,{'car': 1},0,0,1
128.420453,1,{'car': 1},0,0,1
129.936054,1,{'car': 1},0,0,1
131.048934,1,{'car': 1},0,0,1
132.420261,1,{'car': 1},0,0,1
133.576487,1,{'car': 1},0,0,1
134.923237,1,{'car': 1},0,0,1
135.950785,1,{'car': 1},0,0,1
137.150926,1,{'car': 1},0,0,1
138.313492,1,{'car': 1},0,0,1
139.458807,1,{'car': 1},0,0,1
140.77689,1,{'car': 1},0,0,1
141.905717,1,{'car': 1},0,0,1
143.034723,1,{'car': 1},0,0,1
144.36783,1,{'car': 1},0,0,1
145.483168,1,{'car': 1},0,0,1
146.494242,1,{'car': 1},0,0,1
147.523657,1,{'car': 1},0,0,1
148.609271,1,{'car': 1},0,0,1
149.716374,1,{'car': 1},0,0,1
150.7088,1,{'car': 1},0,0,1
151.693631,1,{'car': 1},0,0,1
152.738238,1,{'car': 1},0,0,1
153.740255,1,{'car': 1},0,0,1
154.780421,1,{'car': 1},0,0,1
155.783868,1,{'car': 1},0,0,1
156.513507,1,{'car': 1},0,0,1
156.948864,1,{'car': 1},0,0,1
157.560364,1,{'car': 1},0,0,1
158.038894,1,{'car': 1},0,0,1
159.014502,1,{'car': 1},0,0,1
160.091347,1,{'car': 1},0,0,1
160.730898,1,{'car': 1},0,0,1
161.371135,1,{'car': 1},0,0,1
161.703713,1,{'car': 1},0,0,1
162.082584,1,{'car': 1},0,0,1
162.704502,1,{'car': 1},0,0,1
163.345042,1,{'car': 1},0,0,1
163.668342,1,{'car': 1},0,0,1
164.03685,1,{'car': 1},0,0,1
164.374002,1,{'car': 1},0,0,1
164.93529,1,{'car': 1},0,0,1
165.356309,1,{'car': 1},0,0,1
165.802167,1,{'car': 1},0,0,1
166.098408,1,{'car': 1},0,0,1
166.493081,1,{'car': 1},0,0,1
166.808529,1,{'car': 1},0,0,1
167.186587,1,{'car': 1},0,0,1
167.45814,1,{'car': 1},0,0,1
167.823433,1,{'car': 1},0,0,1
168.12561,1,{'car': 1},0,0,1
168.490733,1,{'car': 1},0,0,1
168.787371,1,{'car': 1},0,0,1
169.170724,1,{'car': 1},0,0,1
169.481866,1,{'car': 1},0,0,1
169.85447,1,{'car': 1},0,0,1
170.188949,1,{'car': 1},0,0,1
170.604928,1,{'car': 1},0,0,1
170.91177,1,{'car': 1},0,0,1
171.297489,1,{'car': 1},0,0,1
171.605356,1,{'car': 1},0,0,1
171.996318,1,{'car': 1},0,0,1
172.279907,1,{'car': 1},0,0,1
172.678426,1,{'car': 1},0,0,1
172.9771,1,{'car': 1},0,0,1
173.339281,1,{'car': 1},0,0,1
173.621918,1,{'car': 1},0,0,1
174.041298,1,{'car': 1},0,0,1
174.306412,1,{'car': 1},0,0,1
174.751205,1,{'car': 1},0,0,1
175.034811,1,{'car': 1},0,0,1
175.410281,1,{'car': 1},0,0,1
175.726469,1,{'car': 1},0,0,1
176.077864,1,{'car': 1},0,0,1
176.375846,1,{'car': 1},0,0,1
176.766265,1,{'car': 1},0,0,1
177.082421,1,{'car': 1},0,0,1
177.451586,1,{'car': 1},0,0,1
177.748041,1,{'car': 1},0,0,1
178.119023,1,{'car': 1},0,0,1
178.210061,1,{'car': 1},0,0,1
178.556153,1,{'car': 1},0,0,1
178.855222,1,{'car': 1},0,0,1
179.252395,1,{'car': 1},0,0,1
179.534058,1,{'car': 1},0,0,1
179.922137,1,{'car': 1},0,0,1
180.199734,1,{'car': 1},0,0,1
180.602415,1,{'car': 1},0,0,1
180.90881,1,{'car': 1},0,0,1
181.293948,1,{'car': 1},0,0,1
181.586707,1,{'car': 1},0,0,1
181.976926,1,{'car': 1},0,0,1
182.248705,1,{'car': 1},0,0,1
182.628798,1,{'car': 1},0,0,1
182.753722,1,{'car': 1},0,0,1
183.091724,1,{'car': 1},0,0,1
183.427643,1,{'car': 1},0,0,1
183.825364,1,{'car': 1},0,0,1
184.141065,0,{},0,0,0
184.513262,0,{},0,0,0
184.822926,1,{'car': 1},0,0,1
185.203357,1,{'car': 1},0,0,1
185.485427,1,{'car': 1},0,0,1
185.879098,1,{'car': 1},0,0,1
186.178317,1,{'car': 1},0,0,1
186.541448,1,{'car': 1},0,0,1
186.862316,1,{'car': 1},0,0,1
187.276685,1,{'car': 1},0,0,1
187.567946,1,{'car': 1},0,0,1
187.960274,0,{},0,0,0
188.251759,1,{'car': 1},0,0,1
188.636876,1,{'car': 1},0,0,1
189.404391,1,{'car': 1},0,0,1
190.148149,0,{},0,0,0
190.4947,1,{'car': 1},0,0,1
190.887758,0,{},0,0,0
191.031493,1,{'car': 1},0,0,1
191.390733,1,{'car': 1},0,0,1
192.378852,1,{'car': 1},0,0,1
193.40619,1,{'car': 1},0,0,1
194.645521,1,{'car': 1},0,0,1
195.674176,1,{'car': 1},0,0,1
196.777006,1,{'car': 1},0,0,1
198.023575,1,{'car': 1},0,0,1
199.308154,1,{'car': 1},0,0,1
200.489021,1,{'car': 1},0,0,1
201.337857,1,{'car': 1},0,0,1
202.489588,1,{'car': 1},0,0,1
203.482331,1,{'car': 1},0,0,1
203.586646,1,{'car': 1},0,0,1
203.960512,1,{'car': 1},0,0,1
204.048482,1,{'car': 1},0,0,1
204.423647,1,{'car': 1},0,0,1
204.690766,1,{'car': 1},0,0,1
205.071676,1,{'car': 1},0,0,1
205.376373,1,{'car': 1},0,0,1
205.7441,1,{'car': 1},0,0,1
206.04841,1,{'car': 1},0,0,1
206.435527,1,{'car': 1},0,0,1
206.701814,1,{'car': 1},0,0,1
207.088349,1,{'car': 1},0,0,1
207.228395,1,{'car': 1},0,0,1
207.567835,1,{'car': 1},0,0,1
207.861073,1,{'car': 1},0,0,1
208.246099,1,{'car': 1},0,0,1
208.544865,1,{'car': 1},0,0,1
208.908395,1,{'car': 1},0,0,1
209.210515,1,{'car': 1},0,0,1
209.603335,1,{'car': 1},0,0,1
209.705601,1,{'car': 1},0,0,1
210.101855,1,{'car': 1},0,0,1
210.206371,1,{'car': 1},0,0,1
210.54693,1,{'car': 1},0,0,1
210.661881,1,{'car': 1},0,0,1
210.988614,1,{'car': 1},0,0,1
211.295868,1,{'car': 1},0,0,1
211.670061,1,{'car': 1},0,0,1
211.938643,1,{'car': 1},0,0,1
212.33484,1,{'car': 1},0,0,1
212.616405,1,{'car': 1},0,0,1
212.995286,1,{'car': 1},0,0,1
213.098046,1,{'car': 1},0,0,1
213.451606,1,{'car': 1},0,0,1
213.739689,1,{'car': 1},0,0,1
214.117857,1,{'car': 1},0,0,1
214.44446,1,{'car': 1},0,0,1
214.822187,1,{'car': 1},0,0,1
214.937881,1,{'car': 1},0,0,1
215.320563,1,{'car': 1},0,0,1
215.608664,1,{'car': 1},0,0,1
215.966528,1,{'car': 1},0,0,1
216.061537,1,{'car': 1},0,0,1
216.388167,1,{'car': 1},0,0,1
216.687799,1,{'car': 1},0,0,1
217.099559,1,{'car': 1},0,0,1
217.183094,1,{'car': 1},0,0,1
217.564226,1,{'car': 1},0,0,1
217.861571,1,{'car': 1},0,0,1
218.267772,1,{'car': 1},0,0,1
218.536303,1,{'car': 1},0,0,1
218.90272,1,{'car': 1},0,0,1
219.210035,1,{'car': 1},0,0,1
219.576983,1,{'car': 1},0,0,1
219.890137,1,{'car': 1},0,0,1
220.262056,1,{'car': 1},0,0,1
220.358619,1,{'car': 1},0,0,1
220.679214,1,{'car': 1},0,0,1
220.971702,1,{'car': 1},0,0,1
221.355129,1,{'car': 1},0,0,1
221.642989,1,{'car': 1},0,0,1
222.037429,1,{'car': 1},0,0,1
222.149989,1,{'car': 1},0,0,1
222.547055,1,{'car': 1},0,0,1
222.83561,1,{'car': 1},0,0,1
223.226232,1,{'car': 1},0,0,1
223.532055,1,{'car': 1},0,0,1
223.903648,1,{'car': 1},0,0,1
224.229351,1,{'car': 1},0,0,1
224.60441,1,{'car': 1},0,0,1
224.88452,1,{'car': 1},0,0,1
225.2676,1,{'car': 1},0,0,1
225.527716,1,{'car': 1},0,0,1
225.891543,1,{'car': 1},0,0,1
226.317053,1,{'car': 1},0,0,1
226.899005,1,{'car': 1},0,0,1
227.19264,1,{'car': 1},0,0,1
227.576919,1,{'car': 1},0,0,1
228.412296,1,{'car': 1},0,0,1
229.366475,1,{'car': 1},0,0,1
230.190151,1,{'car': 1},0,0,1
230.80651,1,{'car': 1},0,0,1
231.406085,1,{'car': 1},0,0,1
232.361746,1,{'car': 1},0,0,1
233.16323,1,{'car': 1},0,0,1
233.626724,1,{'car': 1},0,0,1
234.170283,1,{'car': 1},0,0,1
234.252784,1,{'car': 1},0,0,1
234.66105,1,{'car': 1},0,0,1
234.946092,1,{'car': 1},0,0,1
235.296623,1,{'car': 1},0,0,1
235.606417,1,{'car': 1},0,0,1
235.971056,1,{'car': 1},0,0,1
236.117543,1,{'car': 1},0,0,1
236.872033,1,{'car': 1},0,0,1
237.462097,1,{'car': 1},0,0,1
237.785485,1,{'car': 1},0,0,1
238.147686,0,{},0,0,0
238.227721,1,{'car': 1},0,0,1
238.585802,1,{'car': 1},0,0,1
238.693847,1,{'car': 1},0,0,1
239.019142,1,{'car': 1},0,0,1
239.357756,1,{'car': 1},0,0,1
239.734877,1,{'car': 1},0,0,1
239.820908,1,{'car': 1},0,0,1
240.167514,1,{'car': 1},0,0,1
240.412768,1,{'car': 1},0,0,1
240.773579,1,{'car': 1},0,0,1
240.863096,0,{},0,0,0
241.189016,0,{},0,0,0
241.495181,1,{'car': 1},0,0,1
241.852343,1,{'car': 1},0,0,1
241.953316,1,{'car': 1},0,0,1
242.305821,1,{'car': 1},0,0,1
242.410382,1,{'car': 1},0,0,1
242.736973,1,{'car': 1},0,0,1
243.03158,1,{'car': 1},0,0,1
243.431299,1,{'car': 1},0,0,1
243.692468,1,{'car': 1},0,0,1
244.059572,1,{'car': 1},0,0,1
244.337396,1,{'car': 1},0,0,1
244.717993,1,{'car': 1},0,0,1
244.813153,1,{'car': 1},0,0,1
245.154633,0,{},0,0,0
245.452872,1,{'car': 1},0,0,1
245.842253,1,{'car': 1},0,0,1
246.134866,1,{'car': 1},0,0,1
246.547826,1,{'car': 1},0,0,1
246.846009,1,{'car': 1},0,0,1
247.195765,1,{'car': 1},0,0,1
247.294487,1,{'car': 1},0,0,1
247.64111,1,{'car': 1},0,0,1
247.933696,1,{'car': 1},0,0,1
248.321579,1,{'car': 1},0,0,1
248.599696,1,{'car': 1},0,0,1
249.120795,1,{'car': 1},0,0,1
249.562952,1,{'car': 1},0,0,1
250.044108,1,{'car': 1},0,0,1
250.370525,1,{'car': 1},0,0,1
250.779167,1,{'car': 1},0,0,1
251.071431,1,{'car': 1},0,0,1
251.475315,1,{'car': 1},0,0,1
251.753396,1,{'car': 1},0,0,1
252.132992,1,{'car': 1},0,0,1
252.43245,1,{'car': 1},0,0,1
252.820873,1,{'car': 1},0,0,1
253.121464,1,{'car': 1},0,0,1
253.530749,1,{'car': 1},0,0,1
253.817983,1,{'car': 1},0,0,1
254.189133,0,{},0,0,0
254.477497,1,{'car': 1},0,0,1
254.833856,1,{'car': 1},0,0,1
255.113624,0,{},0,0,0
255.515166,1,{'car': 1},0,0,1
255.836814,1,{'car': 1},0,0,1
256.283067,1,{'car': 1},0,0,1
256.607392,1,{'car': 1},0,0,1
257.006403,1,{'car': 1},0,0,1
257.102328,1,{'car': 1},0,0,1
257.455247,1,{'car': 1},0,0,1
257.794169,1,{'car': 1},0,0,1
258.170348,1,{'car': 1},0,0,1
258.271764,0,{},0,0,0
258.636812,0,{},0,0,0
258.981994,1,{'car': 1},0,0,1
259.319457,1,{'car': 1},0,0,1
259.404888,1,{'car': 1},0,0,1
259.833278,1,{'car': 1},0,0,1
260.13066,1,{'car': 1},0,0,1
260.513519,1,{'car': 1},0,0,1
260.824684,1,{'car': 1},0,0,1
261.193142,1,{'car': 1},0,0,1
261.488782,1,{'car': 1},0,0,1
261.911048,1,{'car': 1},0,0,1
262.21021,1,{'car': 1},0,0,1
262.626346,1,{'car': 1},0,0,1
262.714267,1,{'car': 1},0,0,1
263.048375,1,{'car': 1},0,0,1
263.130752,1,{'car': 1},0,0,1
263.509004,1,{'car': 1},0,0,1
263.816986,1,{'car': 1},0,0,1
264.201304,1,{'car': 1},0,0,1
264.465313,1,{'car': 1},0,0,1
264.866053,1,{'car': 1},0,0,1
265.155275,1,{'car': 1},0,0,1
265.554762,1,{'car': 1},0,0,1
265.847862,1,{'car': 1},0,0,1
266.22865,1,{'car': 1},0,0,1
266.328492,1,{'car': 1},0,0,1
266.720428,1,{'car': 1},0,0,1
267.036785,1,{'car': 1},0,0,1
267.417958,1,{'car': 1},0,0,1
267.715837,1,{'car': 1},0,0,1
268.078835,1,{'car': 1},0,0,1
268.186869,1,{'car': 1},0,0,1
268.534465,1,{'car': 1},0,0,1
268.632496,1,{'car': 1},0,0,1
268.998541,1,{'car': 1},0,0,1
269.315435,1,{'car': 1},0,0,1
269.695894,1,{'car': 1},0,0,1
269.970761,1,{'car': 1},0,0,1
270.36735,1,{'car': 1},0,0,1
270.453481,1,{'car': 1},0,0,1
270.826897,1,{'car': 1},0,0,1
270.89662,1,{'car': 1},0,0,1
271.211596,2,"{'car': 1, 'stop sign': 1}",1,0,1
271.307309,2,"{'car': 1, 'stop sign': 1}",1,0,1
271.735849,2,"{'car': 1, 'stop sign': 1}",1,0,1
272.001938,1,{'car': 1},0,0,1
272.38267,1,{'car': 1},0,0,1
272.526208,1,{'car': 1},0,0,1
272.875719,1,{'car': 1},0,0,1
272.954239,1,{'car': 1},0,0,1
273.30046,1,{'car': 1},0,0,1
273.396525,1,{'car': 1},0,0,1
273.812898,1,{'car': 1},0,0,1
273.905878,2,"{'car': 1, 'stop sign': 1}",1,0,1
274.274953,1,{'car': 1},0,0,1
274.389417,2,"{'car': 1, 'stop sign': 1}",1,0,1
274.783085,1,{'car': 1},0,0,1
274.8638,2,"{'car': 1, 'stop sign': 1}",1,0,1
275.231451,2,"{'car': 1, 'stop sign': 1}",1,0,1
275.348691,2,"{'car': 1, 'stop sign': 1}",1,0,1
275.73633,2,"{'car': 1, 'stop sign': 1}",1,0,1
275.827341,2,"{'car': 1, 'stop sign': 1}",1,0,1
276.189875,2,"{'car': 1, 'stop sign': 1}",1,0,1
276.471949,2,"{'car': 1, 'stop sign': 1}",1,0,1
276.860141,2,"{'car': 1, 'stop sign': 1}",1,0,1
277.118477,1,{'car': 1},0,0,1
277.493477,2,"{'car': 1, 'stop sign': 1}",1,0,1
277.58556,1,{'car': 1},0,0,1
277.937797,1,{'car': 1},0,0,1
278.019364,1,{'car': 1},0,0,1
278.427406,1,{'car': 1},0,0,1
278.560296,1,{'car': 1},0,0,1
278.909058,1,{'car': 1},0,0,1
278.993213,1,{'car': 1},0,0,1
279.333553,1,{'car': 1},0,0,1
279.621783,1,{'car': 1},0,0,1
280.008318,2,"{'car': 1, 'stop sign': 1}",1,0,1
280.111681,1,{'car': 1},0,0,1
280.445054,1,{'car': 1},0,0,1
280.535724,1,{'car': 1},0,0,1
280.918419,1,{'car': 1},0,0,1
280.990934,1,{'car': 1},0,0,1
281.367945,1,{'car': 1},0,0,1
281.483971,2,"{'car': 1, 'stop sign': 1}",1,0,1
281.900868,2,"{'car': 1, 'stop sign': 1}",1,0,1
282.174637,2,"{'car': 1, 'stop sign': 1}",1,0,1
282.548903,2,"{'car': 1, 'stop sign': 1}",1,0,1
282.84837,2,"{'car': 1, 'stop sign': 1}",1,0,1
283.216255,2,"{'car': 1, 'stop sign': 1}",1,0,1
283.519327,2,"{'car': 1, 'stop sign': 1}",1,0,1
283.922446,2,"{'car': 1, 'stop sign': 1}",1,0,1
284.199155,2,"{'car': 1, 'stop sign': 1}",1,0,1
284.569588,2,"{'car': 1, 'stop sign': 1}",1,0,1
284.698617,2,"{'car': 1, 'stop sign': 1}",1,0,1
285.107771,2,"{'car': 1, 'stop sign': 1}",1,0,1
285.387492,2,"{'car': 1, 'stop sign': 1}",1,0,1
285.762734,2,"{'car': 1, 'stop sign': 1}",1,0,1
285.855826,2,"{'car': 1, 'stop sign': 1}",1,0,1
286.168894,1,{'car': 1},0,0,1
286.258431,1,{'car': 1},0,0,1
286.588502,1,{'car': 1},0,0,1
286.678018,1,{'car': 1},0,0,1
287.027533,1,{'car': 1},0,0,1
287.112548,1,{'car': 1},0,0,1
287.457621,1,{'car': 1},0,0,1
287.540208,1,{'car': 1},0,0,1
287.923428,1,{'car': 1},0,0,1
288.029668,1,{'car': 1},0,0,1
288.395943,1,{'car': 1},0,0,1
288.473384,2,"{'car': 1, 'stop sign': 1}",1,0,1
288.889268,2,"{'car': 1, 'stop sign': 1}",1,0,1
288.968734,2,"{'car': 1, 'stop sign': 1}",1,0,1
289.34292,1,{'car': 1},0,0,1
289.43585,2,"{'car': 1, 'stop sign': 1}",1,0,1
289.750736,2,"{'car': 1, 'stop sign': 1}",1,0,1
289.833855,2,"{'car': 1, 'stop sign': 1}",1,0,1
290.214785,1,{'car': 1},0,0,1
290.280792,1,{'car': 1},0,0,1
290.634425,1,{'car': 1},0,0,1
290.701948,2,"{'car': 1, 'stop sign': 1}",1,0,1
291.052758,2,"{'car': 1, 'stop sign': 1}",1,0,1
291.142385,2,"{'car': 1, 'stop sign': 1}",1,0,1
291.500853,2,"{'car': 1, 'stop sign': 1}",1,0,1
291.578515,2,"{'car': 1, 'stop sign': 1}",1,0,1
291.996036,2,"{'car': 1, 'stop sign': 1}",1,0,1
292.081137,2,"{'stop sign': 1, 'car': 1}",1,0,1
292.437343,2,"{'car': 1, 'stop sign': 1}",1,0,1
292.521842,2,"{'car': 1, 'stop sign': 1}",1,0,1
292.897852,2,"{'car': 1, 'stop sign': 1}",1,0,1
292.984227,2,"{'car': 1, 'stop sign': 1}",1,0,1
293.341823,2,"{'car': 1, 'stop sign': 1}",1,0,1
293.416647,2,"{'car': 1, 'stop sign': 1}",1,0,1
293.778407,1,{'car': 1},0,0,1
293.858448,2,"{'stop sign': 1, 'car': 1}",1,0,1
294.26077,2,"{'stop sign': 1, 'car': 1}",1,0,1
294.353601,2,"{'car': 1, 'stop sign': 1}",1,0,1
294.703614,2,"{'stop sign': 1, 'car': 1}",1,0,1
294.783767,2,"{'car': 1, 'stop sign': 1}",1,0,1
295.154734,2,"{'car': 1, 'stop sign': 1}",1,0,1
295.233002,2,"{'car': 1, 'stop sign': 1}",1,0,1
295.599817,2,"{'stop sign': 1, 'car': 1}",1,0,1
295.677,2,"{'car': 1, 'stop sign': 1}",1,0,1
296.055502,2,"{'car': 1, 'stop sign': 1}",1,0,1
296.138832,2,"{'car': 1, 'stop sign': 1}",1,0,1
296.505495,2,"{'stop sign': 1, 'car': 1}",1,0,1
296.581062,2,"{'stop sign': 1, 'car': 1}",1,0,1
296.958122,2,"{'stop sign': 1, 'car': 1}",1,0,1
297.051657,2,"{'car': 1, 'stop sign': 1}",1,0,1
297.399875,2,"{'stop sign': 1, 'car': 1}",1,0,1
297.480325,2,"{'stop sign': 1, 'car': 1}",1,0,1
297.802525,2,"{'stop sign': 1, 'car': 1}",1,0,1
297.883414,2,"{'stop sign': 1, 'car': 1}",1,0,1
298.23996,1,{'car': 1},0,0,1
298.308369,1,{'stop sign': 1},1,0,0
298.66903,2,"{'stop sign': 1, 'car': 1}",1,0,1
298.753685,2,"{'stop sign': 1, 'car': 1}",1,0,1
299.087073,2,"{'stop sign': 1, 'car': 1}",1,0,1
299.352626,2,"{'stop sign': 1, 'car': 1}",1,0,1
299.708647,1,{'stop sign': 1},1,0,0
299.779016,1,{'stop sign': 1},1,0,0
300.14272,1,{'stop sign': 1},1,0,0
300.258751,1,{'stop sign': 1},1,0,0
300.566312,1,{'car': 1},0,0,1
300.687977,1,{'stop sign': 1},1,0,0
301.072357,1,{'stop sign': 1},1,0,0
301.152496,1,{'stop sign': 1},1,0,0
301.532985,1,{'stop sign': 1},1,0,0
301.605439,0,{},0,0,0
301.925894,0,{},0,0,0
301.990937,2,"{'car': 1, 'stop sign': 1}",1,0,1
302.31003,1,{'stop sign': 1},1,0,0
302.39916,0,{},0,0,0
302.733471,0,{},0,0,0
302.814514,1,{'stop sign': 1},1,0,0
303.17178,2,"{'stop sign': 1, 'car': 1}",1,0,1
303.447745,1,{'stop sign': 1},1,0,0
303.804838,1,{'stop sign': 1},1,0,0
303.895869,1,{'stop sign': 1},1,0,0
304.256802,1,{'stop sign': 1},1,0,0
304.327633,1,{'stop sign': 1},1,0,0
304.617507,1,{'stop sign': 1},1,0,0
304.693908,1,{'stop sign': 1},1,0,0
305.034073,1,{'stop sign': 1},1,0,0
305.121673,1,{'stop sign': 1},1,0,0
305.443275,2,"{'stop sign': 1, 'car': 1}",1,0,1
305.527307,2,"{'stop sign': 1, 'car': 1}",1,0,1
305.840096,1,{'stop sign': 1},1,0,0
305.918616,1,{'stop sign': 1},1,0,0
306.228815,1,{'stop sign': 1},1,0,0
306.356342,1,{'stop sign': 1},1,0,0
306.723742,1,{'stop sign': 1},1,0,0
306.792749,2,"{'stop sign': 1, 'car': 1}",1,0,1
307.108436,1,{'car': 1},0,0,1
307.180434,1,{'car': 1},0,0,1
307.493012,0,{},0,0,0
307.551018,1,{'car': 1},0,0,1
307.87855,1,{'car': 1},0,0,1
307.95263,1,{'car': 1},0,0,1
308.313733,1,{'car': 1},0,0,1
308.410782,0,{},0,0,0
308.795861,0,{},0,0,0
308.876385,1,{'car': 1},0,0,1
309.252741,1,{'car': 1},0,0,1
309.310257,0,{},0,0,0
309.709411,1,{'car': 1},0,0,1
309.796418,0,{},0,0,0
310.154077,0,{},0,0,0
310.217629,1,{'car': 1},0,0,1
310.590658,1,{'car': 1},0,0,1
310.66118,1,{'car': 1},0,0,1
310.946064,1,{'car': 1},0,0,1
311.063108,1,{'car': 1},0,0,1
311.428881,1,{'car': 1},0,0,1
311.495562,1,{'car': 1},0,0,1
311.778182,1,{'car': 1},0,0,1
311.86225,0,{},0,0,0
312.180541,0,{},0,0,0
312.261398,0,{},0,0,0
312.576028,0,{},0,0,0
312.658116,0,{},0,0,0
312.931184,0,{},0,0,0
313.047004,0,{},0,0,0
313.351022,0,{},0,0,0
313.420885,0,{},0,0,0
313.696821,0,{},0,0,0
313.765478,0,{},0,0,0
314.05058,0,{},0,0,0
314.124901,0,{},0,0,0
314.38678,0,{},0,0,0
314.45195,0,{},0,0,0
314.763107,0,{},0,0,0
314.83497,0,{},0,0,0
315.104347,0,{},0,0,0
315.200122,0,{},0,0,0
315.4574,0,{},0,0,0
315.568919,0,{},0,0,0
315.873037,0,{},0,0,0
315.942793,0,{},0,0,0
316.259435,0,{},0,0,0
316.323958,0,{},0,0,0
316.599204,0,{},0,0,0
316.668604,0,{},0,0,0
316.937279,0,{},0,0,0
317.021882,1,{'car': 1},0,0,1
317.295734,1,{'car': 1},0,0,1
317.371978,0,{},0,0,0
317.663274,0,{},0,0,0
317.773598,0,{},0,0,0
318.14709,0,{},0,0,0
318.211336,0,{},0,0,0
318.477969,0,{},0,0,0
318.551172,0,{},0,0,0
318.840641,0,{},0,0,0
318.914574,0,{},0,0,0
319.193735,0,{},0,0,0
319.263516,0,{},0,0,0
319.51539,0,{},0,0,0
319.58313,0,{},0,0,0
319.833722,0,{},0,0,0
319.944435,0,{},0,0,0
320.224188,0,{},0,0,0
320.292735,0,{},0,0,0
320.566454,0,{},0,0,0
320.643017,0,{},0,0,0
320.911589,0,{},0,0,0
320.990808,0,{},0,0,0
321.246053,0,{},0,0,0
321.312354,0,{},0,0,0
321.594583,0,{},0,0,0
321.675625,0,{},0,0,0
321.975424,0,{},0,0,0
322.078454,0,{},0,0,0
322.344865,0,{},0,0,0
322.423403,0,{},0,0,0
322.676209,0,{},0,0,0
322.744091,0,{},0,0,0
323.012335,0,{},0,0,0
323.079029,0,{},0,0,0
323.332543,0,{},0,0,0
323.395845,0,{},0,0,0
323.688716,0,{},0,0,0
323.764596,0,{},0,0,0
324.009164,0,{},0,0,0
324.15325,0,{},0,0,0
324.479237,0,{},0,0,0
324.550553,0,{},0,0,0
324.817546,0,{},0,0,0
324.887959,0,{},0,0,0
325.164982,0,{},0,0,0
325.22467,0,{},0,0,0
325.490985,0,{},0,0,0
325.549148,0,{},0,0,0
325.810283,0,{},0,0,0
325.876542,0,{},0,0,0
326.146013,0,{},0,0,0
326.25765,0,{},0,0,0
326.545532,0,{},0,0,0
326.648618,0,{},0,0,0
326.931627,0,{},0,0,0
327.012443,0,{},0,0,0
327.297109,0,{},0,0,0
327.378644,0,{},0,0,0
327.63682,0,{},0,0,0
327.717829,0,{},0,0,0
327.974449,0,{},0,0,0
328.048969,0,{},0,0,0
328.335394,0,{},0,0,0
328.400403,0,{},0,0,0
328.65394,0,{},0,0,0
328.721465,0,{},0,0,0
328.989479,0,{},0,0,0
329.127841,0,{},0,0,0
329.422726,0,{},0,0,0
329.488332,0,{},0,0,0
329.739688,0,{},0,0,0
329.804694,0,{},0,0,0
330.090955,0,{},0,0,0
330.172979,0,{},0,0,0
330.449729,0,{},0,0,0
330.518949,0,{},0,0,0
330.779163,0,{},0,0,0
330.848678,0,{},0,0,0
331.110677,0,{},0,0,0
331.229234,0,{},0,0,0
331.520839,0,{},0,0,0
331.640374,0,{},0,0,0
332.012097,0,{},0,0,0
332.090724,0,{},0,0,0
332.442415,0,{},0,0,0
332.713498,0,{},0,0,0
333.048192,0,{},0,0,0
333.116699,0,{},0,0,0
333.507411,0,{},0,0,0
333.578626,0,{},0,0,0
333.90144,0,{},0,0,0
333.998965,0,{},0,0,0
334.333674,0,{},0,0,0
334.398188,0,{},0,0,0
334.698299,0,{},0,0,0
334.770831,0,{},0,0,0
335.103518,0,{},0,0,0
335.190572,0,{},0,0,0
335.498809,0,{},0,0,0
335.57687,0,{},0,0,0
335.884426,0,{},0,0,0
335.998954,0,{},0,0,0
336.340375,0,{},0,0,0
336.42438,0,{},0,0,0
336.731634,0,{},0,0,0
336.821169,0,{},0,0,0
337.144047,0,{},0,0,0
337.425237,0,{},0,0,0
337.77263,0,{},0,0,0
337.89161,0,{},0,0,0
338.269013,0,{},0,0,0
338.342106,0,{},0,0,0
338.666791,0,{},0,0,0
338.745296,0,{},0,0,0
339.085898,0,{},0,0,0
339.353017,0,{},0,0,0
339.716389,0,{},0,0,0
339.791417,0,{},0,0,0
340.12266,0,{},0,0,0
340.223197,0,{},0,0,0
340.568469,0,{},0,0,0
340.650498,0,{},0,0,0
340.987884,0,{},0,0,0
341.049349,0,{},0,0,0
341.35896,0,{},0,0,0
341.421484,0,{},0,0,0
341.744084,0,{},0,0,0
341.813101,0,{},0,0,0
342.150837,0,{},0,0,0
342.266405,0,{},0,0,0
342.630746,0,{},0,0,0
342.865022,0,{},0,0,0
343.209113,0,{},0,0,0
343.281646,0,{},0,0,0
343.61806,0,{},0,0,0
343.689082,0,{},0,0,0
344.049539,0,{},0,0,0
344.129755,0,{},0,0,0
344.510669,0,{},0,0,0
344.624321,0,{},0,0,0
344.965058,0,{},0,0,0
345.029086,0,{},0,0,0
345.379931,0,{},0,0,0
345.452973,0,{},0,0,0
345.794563,0,{},0,0,0
345.855241,0,{},0,0,0
346.17378,0,{},0,0,0
346.252299,0,{},0,0,0
346.606741,0,{},0,0,0
346.726749,0,{},0,0,0
347.096629,0,{},0,0,0
347.187842,0,{},0,0,0
347.538066,0,{},0,0,0
347.612468,0,{},0,0,0
347.957713,0,{},0,0,0
348.030931,0,{},0,0,0
348.382793,0,{},0,0,0
348.459841,0,{},0,0,0
348.796633,0,{},0,0,0
348.928679,0,{},0,0,0
349.329333,0,{},0,0,0
349.420139,0,{},0,0,0
349.797833,0,{},0,0,0
349.875864,0,{},0,0,0
350.208612,0,{},0,0,0
350.30265,0,{},0,0,0
350.659559,0,{},0,0,0
350.741718,0,{},0,0,0
351.11456,0,{},0,0,0
351.256119,0,{},0,0,0
351.632358,0,{},0,0,0
351.735946,0,{},0,0,0
352.057305,0,{},0,0,0
352.157588,0,{},0,0,0
352.498119,0,{},0,0,0
352.562307,0,{},0,0,0
352.867912,0,{},0,0,0
352.942428,0,{},0,0,0
353.344925,0,{},0,0,0
353.490959,0,{},0,0,0
353.833721,0,{},0,0,0
353.916757,0,{},0,0,0
354.239017,0,{},0,0,0
354.32152,0,{},0,0,0
354.69892,0,{},0,0,0
354.787439,0,{},0,0,0
355.130097,0,{},0,0,0
355.207914,0,{},0,0,0
355.580482,0,{},0,0,0
355.720522,0,{},0,0,0
356.069223,0,{},0,0,0
356.15428,0,{},0,0,0
356.49994,0,{},0,0,0
356.590476,0,{},0,0,0
356.926243,0,{},0,0,0
357.000765,0,{},0,0,0
357.339528,0,{},0,0,0
357.417192,0,{},0,0,0
357.759363,0,{},0,0,0
357.89441,0,{},0,0,0
358.26243,0,{},0,0,0
358.5396,0,{},0,0,0
358.89424,0,{},0,0,0
358.964176,0,{},0,0,0
359.2941,0,{},0,0,0
359.384626,0,{},0,0,0
359.684641,0,{},0,0,0
359.828415,0,{},0,0,0
360.167982,0,{},0,0,0
360.258566,0,{},0,0,0
360.588171,0,{},0,0,0
360.673576,0,{},0,0,0
360.992848,0,{},0,0,0
361.260918,0,{},0,0,0
361.635349,0,{},0,0,0
361.702866,0,{},0,0,0
362.001088,0,{},0,0,0
362.144828,0,{},0,0,0
362.524755,0,{},0,0,0
362.793169,0,{},0,0,0
363.138353,0,{},0,0,0
363.213845,0,{},0,0,0
363.552158,0,{},0,0,0
363.65115,0,{},0,0,0
363.996545,0,{},0,0,0
364.13653,0,{},0,0,0
364.51032,0,{},0,0,0
364.59332,0,{},0,0,0
364.885383,0,{},0,0,0
364.974945,0,{},0,0,0
365.320584,0,{},0,0,0
365.404641,0,{},0,0,0
365.748898,0,{},0,0,0
365.836939,0,{},0,0,0
366.141824,0,{},0,0,0
366.485166,0,{},0,0,0
366.856675,0,{},0,0,0
366.965709,0,{},0,0,0
367.293288,0,{},0,0,0
367.365833,0,{},0,0,0
367.673423,0,{},0,0,0
367.763458,0,{},0,0,0
368.062762,0,{},0,0,0
368.143286,0,{},0,0,0
368.476708,0,{},0,0,0
368.779012,0,{},0,0,0
369.279852,0,{},0,0,0
369.646999,0,{},0,0,0
370.103503,0,{},0,0,0
370.202619,0,{},0,0,0
370.603784,0,{},0,0,0
370.680994,0,{},0,0,0
370.987492,0,{},0,0,0
371.091154,0,{},0,0,0
371.420517,0,{},0,0,0
371.513584,0,{},0,0,0
371.862404,0,{},0,0,0
371.993988,0,{},0,0,0
372.333047,0,{},0,0,0
372.429988,0,{},0,0,0
372.798094,0,{},0,0,0
372.879403,0,{},0,0,0
373.178787,0,{},0,0,0
373.277733,0,{},0,0,0
373.652237,0,{},0,0,0
373.72905,0,{},0,0,0
374.046167,0,{},0,0,0
374.31837,0,{},0,0,0
374.674759,0,{},0,0,0
374.748533,0,{},0,0,0
375.053989,0,{},0,0,0
375.142979,0,{},0,0,0
375.44001,0,{},0,0,0
375.536012,0,{},0,0,0
375.904066,0,{},0,0,0
375.984687,0,{},0,0,0
376.37451,0,{},0,0,0
376.501335,0,{},0,0,0
376.867629,0,{},0,0,0
376.945982,0,{},0,0,0
377.287209,0,{},0,0,0
377.37428,0,{},0,0,0
377.729847,0,{},0,0,0
377.815065,0,{},0,0,0
378.205403,0,{},0,0,0
378.295145,0,{},0,0,0
378.605958,0,{},0,0,0
378.957985,0,{},0,0,0
379.317776,0,{},0,0,0
379.425051,0,{},0,0,0
379.763956,0,{},0,0,0
379.830053,0,{},0,0,0
380.190434,0,{},0,0,0
380.451695,0,{},0,0,0
380.821753,0,{},0,0,0
380.908844,0,{},0,0,0
381.20668,0,{},0,0,0
381.503588,0,{},0,0,0
381.896041,0,{},0,0,0
381.980552,0,{},0,0,0
382.351283,0,{},0,0,0
382.420274,0,{},0,0,0
382.757897,0,{},0,0,0
382.837868,0,{},0,0,0
383.130368,0,{},0,0,0
383.2295,0,{},0,0,0
383.58374,0,{},0,0,0
383.730969,0,{},0,0,0
384.108069,0,{},0,0,0
384.194825,0,{},0,0,0
384.494768,0,{},0,0,0
384.598158,0,{},0,0,0
384.971362,0,{},0,0,0
385.067556,0,{},0,0,0
385.39096,0,{},0,0,0
385.692645,0,{},0,0,0
386.044994,0,{},0,0,0
386.143922,0,{},0,0,0
386.461636,0,{},0,0,0
386.743669,0,{},0,0,0
387.117991,0,{},0,0,0
387.192155,0,{},0,0,0
387.537798,0,{},0,0,0
387.631308,0,{},0,0,0
387.973472,0,{},0,0,0
388.102364,0,{},0,0,0
388.493738,0,{},0,0,0
388.774384,0,{},0,0,0
389.132571,0,{},0,0,0
389.226107,0,{},0,0,0
389.575578,0,{},0,0,0
389.668584,0,{},0,0,0
389.972862,0,{},0,0,0
390.070895,0,{},0,0,0
390.479133,0,{},0,0,0
390.635188,0,{},0,0,0
390.997745,0,{},0,0,0
391.0824,0,{},0,0,0
391.425611,0,{},0,0,0
391.508113,0,{},0,0,0
391.85334,0,{},0,0,0
391.955863,0,{},0,0,0
392.264245,0,{},0,0,0
392.355222,0,{},0,0,0
392.732231,0,{},0,0,0
392.87684,0,{},0,0,0
393.208376,0,{},0,0,0
393.296625,0,{},0,0,0
393.621014,0,{},0,0,0
393.703389,0,{},0,0,0
394.052018,0,{},0,0,0
394.144685,0,{},0,0,0
394.464909,0,{},0,0,0
394.538943,0,{},0,0,0
394.888065,0,{},0,0,0
395.040137,0,{},0,0,0
395.359734,0,{},0,0,0
395.452464,0,{},0,0,0
395.780058,0,{},0,0,0
396.0737,0,{},0,0,0
396.421207,0,{},0,0,0
396.513901,0,{},0,0,0
396.851791,0,{},0,0,0
396.92933,0,{},0,0,0
397.276609,0,{},0,0,0
397.422729,0,{},0,0,0
397.757826,0,{},0,0,0
397.830061,0,{},0,0,0
398.130232,0,{},0,0,0
398.216586,0,{},0,0,0
398.534947,0,{},0,0,0
398.622675,0,{},0,0,0
398.960811,0,{},0,0,0
399.056136,0,{},0,0,0
399.387831,0,{},0,0,0
399.532858,0,{},0,0,0
399.851383,0,{},0,0,0
399.932529,0,{},0,0,0
400.251457,0,{},0,0,0
400.334986,0,{},0,0,0
400.65373,0,{},0,0,0
400.741089,0,{},0,0,0
401.047599,0,{},0,0,0
401.129138,0,{},0,0,0
401.469922,0,{},0,0,0
401.635779,0,{},0,0,0
401.962118,0,{},0,0,0
402.045184,0,{},0,0,0
402.371799,0,{},0,0,0
402.449309,0,{},0,0,0
402.785002,0,{},0,0,0
403.049362,0,{},0,0,0
403.400895,0,{},0,0,0
403.483406,0,{},0,0,0
403.820002,0,{},0,0,0
404.100656,0,{},0,0,0
404.46118,0,{},0,0,0
404.549259,0,{},0,0,0
404.865843,0,{},0,0,0
404.951337,0,{},0,0,0
405.31753,0,{},0,0,0
405.395262,0,{},0,0,0
405.712352,0,{},0,0,0
405.88218,0,{},0,0,0
406.223801,0,{},0,0,0
406.300849,0,{},0,0,0
406.619476,0,{},0,0,0
406.702955,0,{},0,0,0
407.055487,0,{},0,0,0
407.137515,0,{},0,0,0
407.456592,0,{},0,0,0
407.535616,0,{},0,0,0
407.874909,0,{},0,0,0
407.987804,0,{},0,0,0
408.296367,0,{},0,0,0
408.397436,0,{},0,0,0
408.712023,0,{},0,0,0
408.790531,0,{},0,0,0
409.118394,0,{},0,0,0
409.192437,0,{},0,0,0
409.522558,0,{},0,0,0
409.612483,0,{},0,0,0
409.971268,0,{},0,0,0
410.245889,0,{},0,0,0
410.61863,0,{},0,0,0
410.754584,0,{},0,0,0
411.118525,0,{},0,0,0
411.195599,0,{},0,0,0
411.524255,0,{},0,0,0
411.601786,0,{},0,0,0
411.96801,0,{},0,0,0
412.061565,0,{},0,0,0
412.415711,0,{},0,0,0
412.493756,0,{},0,0,0
412.828374,0,{},0,0,0
412.97596,0,{},0,0,0
413.30781,0,{},0,0,0
413.3813,0,{},0,0,0
413.713363,0,{},0,0,0
413.791884,0,{},0,0,0
414.185346,0,{},0,0,0
414.466457,0,{},0,0,0
414.872962,0,{},0,0,0
415.173675,0,{},0,0,0
415.685401,0,{},0,0,0
415.778985,0,{},0,0,0
416.139086,0,{},0,0,0
416.23461,0,{},0,0,0
416.582616,0,{},0,0,0
416.660134,0,{},0,0,0
416.997623,0,{},0,0,0
417.141656,0,{},0,0,0
417.539614,0,{},0,0,0
417.618314,0,{},0,0,0
417.973921,0,{},0,0,0
418.056435,0,{},0,0,0
418.396589,0,{},0,0,0
418.494255,0,{},0,0,0
418.875507,0,{},0,0,0
418.964547,0,{},0,0,0
419.323782,0,{},0,0,0
419.403817,0,{},0,0,0
419.749525,0,{},0,0,0
419.844037,0,{},0,0,0
420.196698,0,{},0,0,0
420.280238,0,{},0,0,0
420.685939,0,{},0,0,0
420.77697,0,{},0,0,0
421.148669,0,{},0,0,0
421.244276,0,{},0,0,0
421.617869,0,{},0,0,0
421.905047,0,{},0,0,0
422.31718,0,{},0,0,0
422.402238,0,{},0,0,0
422.745898,0,{},0,0,0
422.828438,0,{},0,0,0
423.230783,0,{},0,0,0
423.385841,0,{},0,0,0
423.733662,0,{},0,0,0
423.815174,0,{},0,0,0
424.196277,0,{},0,0,0
424.312311,0,{},0,0,0
424.683866,0,{},0,0,0
424.76943,0,{},0,0,0
425.133335,0,{},0,0,0
425.25091,0,{},0,0,0
425.613323,0,{},0,0,0
425.693328,0,{},0,0,0
426.066919,0,{},0,0,0
426.144438,0,{},0,0,0
426.488316,0,{},0,0,0
426.745569,0,{},0,0,0
427.150057,0,{},0,0,0
427.457917,0,{},0,0,0
427.917449,0,{},0,0,0
428.000969,0,{},0,0,0
428.432358,0,{},0,0,0
428.780542,0,{},0,0,0
429.300325,0,{},0,0,0
429.580903,0,{},0,0,0
430.078551,0,{},0,0,0
430.460941,0,{},0,0,0
430.856663,0,{},0,0,0
430.930718,0,{},0,0,0
431.251984,0,{},0,0,0
431.341402,0,{},0,0,0
431.733895,0,{},0,0,0
431.995466,0,{},0,0,0
432.374092,0,{},0,0,0
432.454094,0,{},0,0,0
432.78584,0,{},0,0,0
433.055997,0,{},0,0,0
433.389518,0,{},0,0,0
433.478595,0,{},0,0,0
433.802882,0,{},0,0,0
433.952025,0,{},0,0,0
434.290698,0,{},0,0,0
434.391511,0,{},0,0,0
434.717648,0,{},0,0,0
434.795704,0,{},0,0,0
435.146899,0,{},0,0,0
435.239973,0,{},0,0,0
435.559182,0,{},0,0,0
435.643698,0,{},0,0,0
435.977678,0,{},0,0,0
436.100762,0,{},0,0,0
436.419467,0,{},0,0,0
436.498462,0,{},0,0,0
436.823462,0,{},0,0,0
436.908485,0,{},0,0,0
437.259102,0,{},0,0,0
437.343125,0,{},0,0,0
437.681678,0,{},0,0,0
437.771422,0,{},0,0,0
438.110221,0,{},0,0,0
438.415314,0,{},0,0,0
438.810442,0,{},0,0,0
438.889469,0,{},0,0,0
439.238194,0,{},0,0,0
439.310463,0,{},0,0,0
439.680675,0,{},0,0,0
439.755705,0,{},0,0,0
440.079871,0,{},0,0,0
440.256164,0,{},0,0,0
440.618047,0,{},0,0,0
440.710666,0,{},0,0,0
441.049792,0,{},0,0,0
441.323315,0,{},0,0,0
441.665463,0,{},0,0,0
441.749974,0,{},0,0,0
442.078322,0,{},0,0,0
442.347939,0,{},0,0,0
442.693098,0,{},0,0,0
442.774733,0,{},0,0,0
443.094848,0,{},0,0,0
443.180369,0,{},0,0,0
443.528173,0,{},0,0,0
443.610212,0,{},0,0,0
443.926288,0,{},0,0,0
444.005825,0,{},0,0,0
444.34987,0,{},0,0,0
444.492484,0,{},0,0,0
444.807339,0,{},0,0,0
444.879849,0,{},0,0,0
445.208451,0,{},0,0,0
445.286501,0,{},0,0,0
445.623712,0,{},0,0,0
445.702242,0,{},0,0,0
446.098983,0,{},0,0,0
446.347943,0,{},0,0,0
446.702113,0,{},0,0,0
446.786924,0,{},0,0,0
447.110998,0,{},0,0,0
447.380115,0,{},0,0,0
447.722327,0,{},0,0,0
448.012728,0,{},0,0,0
448.382464,0,{},0,0,0
448.52098,0,{},0,0,0
448.870104,0,{},0,0,0
448.945645,0,{},0,0,0
449.306326,0,{},0,0,0
449.564864,0,{},0,0,0
449.914113,0,{},0,0,0
449.996416,0,{},0,0,0
450.375408,0,{},0,0,0
450.529475,0,{},0,0,0
450.831077,0,{},0,0,0
450.913601,0,{},0,0,0
451.246403,0,{},0,0,0
451.349595,0,{},0,0,0
451.663742,0,{},0,0,0
451.747793,0,{},0,0,0
452.086472,0,{},0,0,0
452.19757,0,{},0,0,0
452.540296,0,{},0,0,0
452.670985,0,{},0,0,0
453.000572,0,{},0,0,0
453.068791,0,{},0,0,0
453.382404,0,{},0,0,0
453.465911,0,{},0,0,0
453.783967,0,{},0,0,0
453.866916,0,{},0,0,0
454.16752,0,{},0,0,0
454.247035,0,{},0,0,0
454.565219,0,{},0,0,0
454.711273,0,{},0,0,0
455.032064,0,{},0,0,0
455.109604,0,{},0,0,0
455.442715,0,{},0,0,0
455.55832,0,{},0,0,0
455.920444,0,{},0,0,0
456.001442,0,{},0,0,0
456.359075,0,{},0,0,0
456.43017,0,{},0,0,0
456.759674,0,{},0,0,0
456.892716,1,{'traffic light': 1},0,1,0
457.305589,0,{},0,0,0
457.384101,0,{},0,0,0
457.748924,0,{},0,0,0
457.82747,0,{},0,0,0
458.139755,0,{},0,0,0
458.219747,0,{},0,0,0
458.540492,0,{},0,0,0
458.612598,0,{},0,0,0
458.926548,0,{},0,0,0
459.033558,0,{},0,0,0
459.375157,0,{},0,0,0
459.450054,0,{},0,0,0
459.753653,0,{},0,0,0
459.825089,0,{},0,0,0
460.130549,0,{},0,0,0
460.215547,0,{},0,0,0
460.548166,0,{},0,0,0
460.625768,0,{},0,0,0
460.948015,0,{},0,0,0
461.093045,0,{},0,0,0
461.431347,0,{},0,0,0
461.499347,0,{},0,0,0
461.835284,0,{},0,0,0
461.904417,0,{},0,0,0
462.240063,0,{},0,0,0
462.324142,0,{},0,0,0
462.658269,0,{},0,0,0
462.742042,0,{},0,0,0
463.069463,0,{},0,0,0
463.193608,0,{},0,0,0
463.519739,0,{},0,0,0
463.600862,0,{},0,0,0
463.926059,0,{},0,0,0
464.000057,0,{},0,0,0
464.317642,0,{},0,0,0
464.392153,0,{},0,0,0
464.690392,0,{},0,0,0
464.779056,0,{},0,0,0
465.115335,0,{},0,0,0
465.208847,0,{},0,0,0
465.613118,0,{},0,0,0
465.736446,0,{},0,0,0
466.128084,0,{},0,0,0
466.206615,0,{},0,0,0
466.571249,0,{},0,0,0
466.650888,0,{},0,0,0
466.951514,0,{},0,0,0
467.016519,0,{},0,0,0
467.354857,0,{},0,0,0
467.424379,0,{},0,0,0
467.724633,0,{},0,0,0
467.837169,0,{},0,0,0
468.147159,0,{},0,0,0
468.217168,0,{},0,0,0
468.52498,0,{},0,0,0
468.5995,0,{},0,0,0
468.906898,0,{},0,0,0
468.989657,0,{},0,0,0
469.291913,0,{},0,0,0
469.370145,0,{},0,0,0
469.719963,0,{},0,0,0
469.843012,0,{},0,0,0
470.139016,0,{},0,0,0
470.205522,0,{},0,0,0
470.480162,0,{},0,0,0
470.554102,0,{},0,0,0
470.832462,0,{},0,0,0
470.916477,0,{},0,0,0
471.186526,0,{},0,0,0
471.259826,0,{},0,0,0
471.545303,0,{},0,0,0
471.60782,0,{},0,0,0
471.872485,0,{},0,0,0
471.953516,0,{},0,0,0
472.248401,0,{},0,0,0
472.368915,0,{},0,0,0
472.659541,0,{},0,0,0
472.753573,0,{},0,0,0
473.037571,0,{},0,0,0
473.10457,0,{},0,0,0
473.402469,0,{},0,0,0
473.502378,0,{},0,0,0
473.777455,0,{},0,0,0
473.838124,0,{},0,0,0
474.082534,0,{},0,0,0
474.1836,1,{'traffic light': 1},0,1,0
