timestamp,sign_id,class_id,confidence,box_x,box_y,box_width,box_height,response_delay,response_type,vehicle_speed,control_value
7.155717,no_sign_matched,-1,0.0,,,,,0.0,coasting,0.0020136439707130194,0.038834351985797426
7.524995,no_sign_matched,-1,0.0,,,,,0.0,coasting,0.021137604489922523,0.0
9.80338,no_sign_matched,-1,0.0,,,,,0.0,steering,0.027118142694234848,1.0
10.09031,no_sign_matched,-1,0.0,,,,,0.0,steering,0.031229496002197266,-0.9835737349235658
10.194497,no_sign_matched,-1,0.0,,,,,0.0,steering,0.038379207253456116,-0.9436728515858709
10.926976,no_sign_matched,-1,0.0,,,,,0.0,coasting,0.24912473559379578,0.030801574507668295
12.121886,no_sign_matched,-1,0.0,,,,,0.0,coasting,0.5213528871536255,0.04862314528730477
230.663697,sign_11_0,11,0.6507135033607483,359,223,12,13,,,,
230.663697,sign_11_0,11,0.6507135033607483,,,,,0.0,none,4.1768035888671875,-0.00029106250180501136
230.764913,sign_11_1,11,0.6293344497680664,360,222,11,13,,,,
230.764913,sign_11_1,11,0.6293344497680664,,,,,0.0,none,4.146105766296387,-0.0002184696072525963
233.00136,sign_11_2,11,0.449429452419281,362,221,13,14,,,,
233.00136,sign_11_2,11,0.449429452419281,,,,,0.0,none,3.862360715866089,-0.0003006490742669981
233.430846,sign_11_3,11,0.5880893468856812,364,221,14,15,,,,
233.430846,sign_11_3,11,0.5880893468856812,,,,,0.0,none,3.798604965209961,-0.0003041083751692428
233.820846,sign_11_4,11,0.6412365436553955,364,221,14,14,,,,
233.820846,sign_11_4,11,0.6412365436553955,,,,,0.0,none,3.73602032661438,-0.00030863606652897796
233.934177,sign_11_5,11,0.6830533146858215,364,221,15,14,,,,
233.934177,sign_11_5,11,0.6830533146858215,,,,,0.0,none,3.719482421875,-0.0003240056289116584
234.235641,sign_11_6,11,0.6776536107063293,365,220,14,14,,,,
234.235641,sign_11_6,11,0.6776536107063293,,,,,0.0,none,3.7193243503570557,-0.00040246240043502327
234.347654,sign_11_7,11,0.7864367961883545,366,220,14,15,,,,
234.347654,sign_11_7,11,0.7864367961883545,,,,,0.0,none,3.7284305095672607,-0.00032652452526936616
234.678557,sign_11_8,11,0.742020845413208,365,220,14,15,,,,
234.678557,sign_11_8,11,0.742020845413208,,,,,0.0,none,3.741959810256958,-0.0004036394002516827
234.768331,sign_11_9,11,0.7306854724884033,366,220,14,15,,,,
234.768331,sign_11_9,11,0.7306854724884033,,,,,0.0,none,3.7576189041137695,-0.0003282677501646611
235.077384,sign_11_10,11,0.5261062383651733,366,220,14,15,,,,
235.077384,sign_11_10,11,0.5261062383651733,,,,,0.0,none,3.7745134830474854,-0.000404917073240951
235.339836,sign_11_11,11,0.6776371598243713,368,220,14,15,,,,
235.339836,sign_11_11,11,0.6776371598243713,,,,,0.0,none,3.7916531562805176,-0.00042272165893947355
235.745409,sign_11_12,11,0.5596997141838074,368,220,15,16,,,,
235.745409,sign_11_12,11,0.5596997141838074,,,,,0.0,none,3.828453302383423,-0.027722071843206905
238.058809,sign_11_13,11,0.6928461790084839,377,219,15,17,,,,
238.058809,sign_11_13,11,0.6928461790084839,,,,,0.0,none,3.938011407852173,-0.025671628747285947
239.256174,sign_11_14,11,0.7600572109222412,382,218,17,16,,,,
239.256174,sign_11_14,11,0.7600572109222412,,,,,0.0,none,3.803300142288208,-0.02748395472035633
239.343234,sign_11_15,11,0.6729148626327515,384,218,16,16,,,,
239.343234,sign_11_15,11,0.6729148626327515,,,,,0.0,none,3.7787024974823,-0.007292305459379362
239.639222,sign_11_16,11,0.6559953093528748,385,218,17,18,,,,
239.639222,sign_11_16,11,0.6559953093528748,,,,,0.0,none,3.7539491653442383,-0.008544449119074524
239.751723,sign_11_17,11,0.7117340564727783,386,217,17,18,,,,
239.751723,sign_11_17,11,0.7117340564727783,,,,,0.0,none,3.7287862300872803,-0.0069369690533874215
240.09638,sign_11_18,11,0.7090502381324768,387,216,17,18,,,,
240.09638,sign_11_18,11,0.7090502381324768,,,,,0.0,none,3.70285964012146,-0.00831785716330692
240.346393,sign_11_19,11,0.6130836009979248,388,216,19,18,,,,
240.346393,sign_11_19,11,0.6130836009979248,,,,,0.0,none,3.6774473190307617,-0.027609866466927143
240.663895,sign_11_20,11,0.5774208903312683,389,216,19,19,,,,
240.663895,sign_11_20,11,0.5774208903312683,,,,,0.0,none,3.650892972946167,-0.007442238596553026
240.749423,sign_11_21,11,0.7783926129341125,390,215,18,20,,,,
240.749423,sign_11_21,11,0.7783926129341125,,,,,0.0,none,3.62473201751709,-0.007629540924885684
241.045725,sign_11_22,11,0.767590343952179,391,215,19,20,,,,
241.045725,sign_11_22,11,0.767590343952179,,,,,0.0,none,3.5977883338928223,-0.007293847565510667
241.1212,sign_11_23,11,0.7145205140113831,392,215,19,20,,,,
241.1212,sign_11_23,11,0.7145205140113831,,,,,0.0,none,3.5706114768981934,-0.028336535949110345
241.445079,sign_11_24,11,0.7176452279090881,394,215,19,19,,,,
241.445079,sign_11_24,11,0.7176452279090881,,,,,0.0,none,3.542436361312866,-0.006428983634263804
241.515751,sign_11_25,11,0.7255383133888245,394,214,19,19,,,,
241.515751,sign_11_25,11,0.7255383133888245,,,,,0.0,none,3.51505446434021,-0.006598867367425622
241.825009,sign_11_26,11,0.6844772100448608,395,214,20,20,,,,
241.825009,sign_11_26,11,0.6844772100448608,,,,,0.0,none,3.487058401107788,-0.027192767478501273
241.945087,sign_11_27,11,0.6268202066421509,396,213,19,20,,,,
241.945087,sign_11_27,11,0.6268202066421509,,,,,0.0,none,3.458513021469116,-0.006022004939173978
242.275329,sign_11_28,11,0.5825496912002563,398,213,19,19,,,,
242.275329,sign_11_28,11,0.5825496912002563,,,,,0.0,none,3.430269718170166,-0.03554197257541844
242.651627,sign_11_29,11,0.5472216606140137,400,212,20,22,,,,
242.651627,sign_11_29,11,0.5472216606140137,,,,,0.0,none,3.3727145195007324,-0.00575274751075939
244.619666,sign_11_30,11,0.8013396859169006,413,210,23,22,,,,
244.619666,sign_11_30,11,0.8013396859169006,,,,,0.0,none,3.0804855823516846,-0.0037096634337598564
244.7469,sign_11_31,11,0.7663354873657227,414,209,23,23,,,,
244.7469,sign_11_31,11,0.7663354873657227,,,,,0.0,none,3.0506703853607178,-0.0034047471899678666
245.224112,sign_11_32,11,0.6342287659645081,414,209,25,24,,,,
245.224112,sign_11_32,11,0.6342287659645081,,,,,0.0,none,3.020577907562256,-0.00329052425489964
245.830407,sign_11_33,11,0.672325611114502,419,208,24,24,,,,
245.830407,sign_11_33,11,0.672325611114502,,,,,0.0,none,2.9303219318389893,-0.002550763597093038
246.133974,sign_11_34,11,0.6847816109657288,421,208,25,24,,,,
246.133974,sign_11_34,11,0.6847816109657288,,,,,0.0,none,2.8999667167663574,-0.0026265277259596874
246.943161,sign_11_35,11,0.7664627432823181,426,205,26,26,,,,
246.943161,sign_11_35,11,0.7664627432823181,,,,,0.0,none,2.78045916557312,-0.0016680322728619768
247.011677,sign_11_36,11,0.7437502145767212,427,205,26,26,,,,
247.011677,sign_11_36,11,0.7437502145767212,,,,,0.0,none,2.7501113414764404,-0.0012435131546300671
247.361846,sign_11_37,11,0.6569759845733643,429,204,26,27,,,,
247.361846,sign_11_37,11,0.6569759845733643,,,,,0.0,none,2.7195827960968018,-0.0012049302165721186
247.438201,sign_11_38,11,0.7476272583007812,431,204,25,28,,,,
247.438201,sign_11_38,11,0.7476272583007812,,,,,0.0,none,2.6891515254974365,-0.0007745889204715993
247.761757,sign_11_39,11,0.7564185261726379,432,204,27,28,,,,
247.761757,sign_11_39,11,0.7564185261726379,,,,,0.0,none,2.6585378646850586,-0.0007497388948952819
247.843784,sign_11_40,11,0.7149099707603455,433,204,28,28,,,,
247.843784,sign_11_40,11,0.7149099707603455,,,,,0.0,none,2.6280288696289062,-0.00031475415508365007
248.149593,sign_11_41,11,0.8479135632514954,435,203,27,28,,,,
248.149593,sign_11_41,11,0.8479135632514954,,,,,0.0,none,2.597329616546631,4.314611850263837e-05
248.24903,sign_11_42,11,0.8303695917129517,436,203,28,29,,,,
248.24903,sign_11_42,11,0.8303695917129517,,,,,0.0,none,2.566741943359375,0.00012943972416965801
248.557083,sign_11_43,11,0.812052845954895,438,203,28,30,,,,
248.557083,sign_11_43,11,0.812052845954895,,,,,0.0,none,2.535881519317627,0.0005428659635559989
248.641846,sign_11_44,11,0.7428739070892334,438,201,29,31,,,,
248.641846,sign_11_44,11,0.7428739070892334,,,,,0.0,none,2.506190538406372,0.0005620776362814095
248.945281,sign_11_45,11,0.694789469242096,440,201,29,31,,,,
248.945281,sign_11_45,11,0.694789469242096,,,,,0.0,none,2.4760797023773193,0.0010329789690062903
249.030133,sign_11_46,11,0.8058034181594849,442,202,30,29,,,,
249.030133,sign_11_46,11,0.8058034181594849,,,,,0.0,none,2.445594310760498,0.0015408224894330083
249.334539,sign_11_47,11,0.7549349069595337,444,201,29,30,,,,
249.334539,sign_11_47,11,0.7549349069595337,,,,,0.0,none,2.4148435592651367,0.0015013676205713363
249.406272,sign_11_48,11,0.7987378835678101,446,199,30,32,,,,
249.406272,sign_11_48,11,0.7987378835678101,,,,,0.0,none,2.384063243865967,0.002009984150886162
249.702009,sign_11_49,11,0.8856022953987122,447,199,30,33,,,,
249.702009,sign_11_49,11,0.8856022953987122,,,,,0.0,none,2.353184461593628,0.001959630144654324
249.782278,sign_11_50,11,0.5919204354286194,449,199,31,32,,,,
249.782278,sign_11_50,11,0.5919204354286194,,,,,0.0,none,2.322323799133301,0.0024677841125369856
250.063111,sign_11_51,11,0.8141865730285645,451,198,31,32,,,,
250.063111,sign_11_51,11,0.8141865730285645,,,,,0.0,none,2.291963815689087,0.0024091467659686796
250.138147,sign_11_52,11,0.8565140962600708,452,198,31,32,,,,
250.138147,sign_11_52,11,0.8565140962600708,,,,,0.0,none,2.2648561000823975,0.0029206160217882323
250.44045,sign_11_53,11,0.8524469137191772,455,197,31,34,,,,
250.44045,sign_11_53,11,0.8524469137191772,,,,,0.0,none,2.2407138347625732,0.0037542667554159937
250.520144,sign_11_54,11,0.7922462821006775,456,196,32,34,,,,
250.520144,sign_11_54,11,0.7922462821006775,,,,,0.0,none,2.218670606613159,0.003358382263948368
250.81674,sign_11_55,11,0.8146196007728577,457,195,33,35,,,,
250.81674,sign_11_55,11,0.8146196007728577,,,,,0.0,none,2.198801279067993,0.004219231096864976
250.885869,sign_11_56,11,0.8676782846450806,460,195,32,35,,,,
250.885869,sign_11_56,11,0.8676782846450806,,,,,0.0,none,2.1818273067474365,0.0047733664465843505
251.164023,sign_11_57,11,0.7899337410926819,461,194,32,35,,,,
251.164023,sign_11_57,11,0.7899337410926819,,,,,0.0,none,2.1668930053710938,0.004661977288754017
251.24042,sign_11_58,11,0.7927373647689819,462,194,35,35,,,,
251.24042,sign_11_58,11,0.7927373647689819,,,,,0.0,none,2.153913974761963,0.005220092432871685
251.539522,sign_11_59,11,0.8188325762748718,464,193,35,35,,,,
251.539522,sign_11_59,11,0.8188325762748718,,,,,0.0,none,2.1421897411346436,0.0050988940535240885
251.622043,sign_11_60,11,0.8428046107292175,466,193,35,37,,,,
251.622043,sign_11_60,11,0.8428046107292175,,,,,0.0,none,2.1315464973449707,0.005659528133345288
251.912262,sign_11_61,11,0.89097660779953,468,193,35,37,,,,
251.912262,sign_11_61,11,0.89097660779953,,,,,0.0,none,2.1217966079711914,0.005529610443590853
251.990429,sign_11_62,11,0.8586995005607605,469,193,36,36,,,,
251.990429,sign_11_62,11,0.8586995005607605,,,,,0.0,none,2.112868547439575,0.006096134493633618
252.297044,sign_11_63,11,0.7355921268463135,471,192,36,37,,,,
252.297044,sign_11_63,11,0.7355921268463135,,,,,0.0,none,2.1046340465545654,0.005956407580437957
252.389263,sign_11_64,11,0.8950243592262268,474,191,36,38,,,,
252.389263,sign_11_64,11,0.8950243592262268,,,,,0.0,none,2.097032308578491,0.006527299224187417
252.717408,sign_11_65,11,0.8546596169471741,475,191,37,38,,,,
252.717408,sign_11_65,11,0.8546596169471741,,,,,0.0,none,2.089980363845825,0.0077261460637630605
252.811449,sign_11_66,11,0.9185449481010437,477,190,38,38,,,,
252.811449,sign_11_66,11,0.9185449481010437,,,,,0.0,none,2.0834298133850098,0.05368617831094301
253.124066,sign_11_67,11,0.8596494197845459,480,190,38,38,,,,
253.124066,sign_11_67,11,0.8596494197845459,,,,,0.0,none,2.0760114192962646,0.007378770671019649
253.21159,sign_11_68,11,0.8449145555496216,482,189,38,39,,,,
253.21159,sign_11_68,11,0.8449145555496216,,,,,0.0,none,2.071075916290283,0.04223714448647688
253.565751,sign_11_69,11,0.7968542575836182,484,189,39,39,,,,
253.565751,sign_11_69,11,0.7968542575836182,,,,,0.0,none,2.0652999877929688,0.00711508864561238
253.646937,sign_11_70,11,0.7458634376525879,485,187,42,44,,,,
253.646937,sign_11_70,11,0.7458634376525879,,,,,0.0,none,2.0608813762664795,0.007674390546781115
253.948934,sign_11_71,11,0.8823909163475037,488,187,40,42,,,,
253.948934,sign_11_71,11,0.8823909163475037,,,,,0.0,none,2.0564095973968506,0.007483873666215334
254.035699,sign_11_72,11,0.8586257696151733,490,186,41,43,,,,
254.035699,sign_11_72,11,0.8586257696151733,,,,,0.0,none,2.052107095718384,0.008091388190388503
254.330243,sign_11_73,11,0.838079035282135,491,185,42,43,,,,
254.330243,sign_11_73,11,0.838079035282135,,,,,0.0,none,2.0480504035949707,0.00939790057443353
254.41709,sign_11_74,11,0.8442761301994324,493,185,42,43,,,,
254.41709,sign_11_74,11,0.8442761301994324,,,,,0.0,none,2.044250011444092,0.04353509667296138
254.730119,sign_11_75,11,0.7843666076660156,494,185,45,43,,,,
254.730119,sign_11_75,11,0.7843666076660156,,,,,0.0,none,2.0398919582366943,0.009223993381321356
254.803676,sign_11_76,11,0.854515016078949,498,184,43,44,,,,
254.803676,sign_11_76,11,0.854515016078949,,,,,0.0,none,2.037074327468872,0.04591275678801865
255.083013,sign_11_77,11,0.7695030570030212,498,183,47,44,,,,
255.083013,sign_11_77,11,0.7695030570030212,,,,,0.0,none,2.033263921737671,0.008873851591497846
255.146096,sign_11_78,11,0.6045933961868286,503,182,46,46,,,,
255.146096,sign_11_78,11,0.6045933961868286,,,,,0.0,none,2.030946969985962,0.009367753524176096
255.439284,sign_11_79,11,0.7505407929420471,504,181,47,47,,,,
255.439284,sign_11_79,11,0.7505407929420471,,,,,0.0,none,2.028411865234375,0.009140615549845568
255.515369,sign_11_80,11,0.4526386857032776,506,179,51,51,,,,
255.515369,sign_11_80,11,0.4526386857032776,,,,,0.0,none,2.025912284851074,0.04312558691572262
255.783615,sign_11_81,11,0.7015072107315063,510,180,47,47,,,,
255.783615,sign_11_81,11,0.7015072107315063,,,,,0.0,none,2.0227675437927246,0.01059888238980307
255.861133,sign_11_82,11,0.728687047958374,515,179,47,49,,,,
255.861133,sign_11_82,11,0.728687047958374,,,,,0.0,none,2.0210487842559814,0.009471633059180234
256.513404,sign_11_83,11,0.5653146505355835,523,175,51,53,,,,
256.513404,sign_11_83,11,0.5653146505355835,,,,,0.0,none,2.014446973800659,0.010566259729114073
256.570343,sign_11_84,11,0.6780807375907898,521,173,55,56,,,,
256.570343,sign_11_84,11,0.6780807375907898,,,,,0.0,none,2.013420581817627,0.052477337562268175
257.206716,sign_11_85,11,0.7624845504760742,534,171,58,57,,,,
257.206716,sign_11_85,11,0.7624845504760742,,,,,0.0,none,2.009173631668091,0.011783532141460606
257.293565,sign_11_86,11,0.7447771430015564,535,170,59,57,,,,
257.293565,sign_11_86,11,0.7447771430015564,,,,,0.0,none,2.007974147796631,0.010794054045907034
257.580279,sign_11_87,11,0.6007552742958069,538,169,59,58,,,,
257.580279,sign_11_87,11,0.6007552742958069,,,,,0.0,none,2.006836414337158,0.012193660144697553
257.648043,sign_11_88,11,0.8343363404273987,541,167,65,62,,,,
257.648043,sign_11_88,11,0.8343363404273987,,,,,0.0,none,2.005765438079834,0.051187167214555886
257.929632,sign_11_89,11,0.5721422433853149,546,165,63,61,,,,
257.929632,sign_11_89,11,0.5721422433853149,,,,,0.0,none,2.003706693649292,0.011927416680631022
258.005647,sign_11_90,11,0.8050949573516846,550,164,65,62,,,,
258.005647,sign_11_90,11,0.8050949573516846,,,,,0.0,none,2.0034916400909424,0.0486653122003982
258.293708,sign_11_91,11,0.8262258172035217,556,163,66,63,,,,
258.293708,sign_11_91,11,0.8262258172035217,,,,,0.0,none,2.00195574760437,0.013082871734083602
258.368416,sign_11_92,11,0.7978150248527527,560,161,68,66,,,,
258.368416,sign_11_92,11,0.7978150248527527,,,,,0.0,none,2.0018506050109863,0.04625345187430284
258.667101,sign_11_93,11,0.7613285183906555,564,158,69,68,,,,
258.667101,sign_11_93,11,0.7613285183906555,,,,,0.0,none,2.0005340576171875,0.012472521287182308
258.730869,sign_11_94,11,0.8016420602798462,570,157,68,69,,,,
258.730869,sign_11_94,11,0.8016420602798462,,,,,0.0,none,2.00046706199646,0.051911359545484675
259.00299,sign_11_95,11,0.7203938364982605,578,156,61,69,,,,
259.00299,sign_11_95,11,0.7203938364982605,,,,,0.0,none,1.9989687204360962,0.011794197362266511
259.066355,sign_11_96,11,0.7610787153244019,576,154,62,71,,,,
259.066355,sign_11_96,11,0.7610787153244019,,,,,0.0,none,1.9991430044174194,0.012018700382643034
259.36061,sign_11_97,11,0.7693695425987244,588,155,50,70,,,,
259.36061,sign_11_97,11,0.7693695425987244,,,,,0.0,none,1.9988503456115723,0.013407222582575522
259.456841,sign_11_98,11,0.8405097126960754,593,153,45,72,,,,
259.456841,sign_11_98,11,0.8405097126960754,,,,,0.0,none,1.998422622680664,0.05690633729828405
259.769174,sign_11_99,11,0.709442138671875,599,148,39,77,,,,
259.769174,sign_11_99,11,0.709442138671875,,,,,0.0,none,1.9966840744018555,0.04786966601429356
259.877441,sign_11_100,11,0.723894476890564,604,145,35,79,,,,
259.877441,sign_11_100,11,0.723894476890564,,,,,0.0,none,1.9966269731521606,0.012230387026147493
260.178996,sign_11_101,11,0.6854273676872253,607,142,32,82,,,,
260.178996,sign_11_101,11,0.6854273676872253,,,,,0.0,none,1.9971463680267334,0.058132439661436774
260.249098,sign_11_102,11,0.4829775393009186,619,148,19,71,,,,
260.249098,sign_11_102,11,0.4829775393009186,,,,,0.0,none,1.995686411857605,0.04467528591527305
260.54589,sign_11_103,11,0.779186487197876,618,141,21,72,,,,
260.54589,sign_11_103,11,0.779186487197876,,,,,0.0,none,1.9958444833755493,0.011850303363255389
262.792873,no_sign_matched,-1,0.0,,,,,0.0,coasting,1.9116709232330322,0.0
263.490223,no_sign_matched,-1,0.0,,,,,0.0,coasting,1.7914232015609741,0.0
263.747347,no_sign_matched,-1,0.0,,,,,0.0,coasting,1.7662442922592163,0.06981655958979031
263.809915,no_sign_matched,-1,0.0,,,,,0.0,coasting,1.727345585823059,0.0756008506709562
264.18375,no_sign_matched,-1,0.0,,,,,0.0,coasting,1.6327940225601196,0.09769599356907445
264.519465,no_sign_matched,-1,0.0,,,,,0.0,coasting,1.5414984226226807,0.03074913324762317
264.78156,no_sign_matched,-1,0.0,,,,,0.0,coasting,1.4947853088378906,0.09613635476758435
264.842315,no_sign_matched,-1,0.0,,,,,0.0,coasting,1.448241114616394,0.01259056473247952
265.09911,no_sign_matched,-1,0.0,,,,,0.0,coasting,1.4004403352737427,0.052523899428461855
265.163879,no_sign_matched,-1,0.0,,,,,0.0,coasting,1.3507851362228394,0.0
265.425509,no_sign_matched,-1,0.0,,,,,0.0,coasting,1.3354336023330688,0.0
265.502637,no_sign_matched,-1,0.0,,,,,0.0,coasting,1.3107154369354248,0.0
265.743515,no_sign_matched,-1,0.0,,,,,0.0,coasting,1.281118392944336,0.0
265.804901,no_sign_matched,-1,0.0,,,,,0.0,coasting,1.2483139038085938,0.0
266.0701,no_sign_matched,-1,0.0,,,,,0.0,coasting,1.2107561826705933,0.0
266.141758,no_sign_matched,-1,0.0,,,,,0.0,coasting,1.1759134531021118,0.0
266.39484,no_sign_matched,-1,0.0,,,,,0.0,coasting,1.1377440690994263,0.0
266.501374,no_sign_matched,-1,0.0,,,,,0.0,coasting,1.1019713878631592,0.0
266.779989,no_sign_matched,-1,0.0,,,,,0.0,coasting,1.0640056133270264,0.0
266.846992,no_sign_matched,-1,0.0,,,,,0.0,coasting,1.028847336769104,0.0
267.091133,no_sign_matched,-1,0.0,,,,,0.0,coasting,0.9921349883079529,0.0
267.177652,no_sign_matched,-1,0.0,,,,,0.0,coasting,0.9583153128623962,0.0
267.41522,no_sign_matched,-1,0.0,,,,,0.0,coasting,0.9246932864189148,0.0
267.480741,no_sign_matched,-1,0.0,,,,,0.0,coasting,0.8919439315795898,0.0
267.71686,no_sign_matched,-1,0.0,,,,,0.0,coasting,0.8601235151290894,0.0
267.795258,no_sign_matched,-1,0.0,,,,,0.0,coasting,0.8292482495307922,0.0
268.021418,no_sign_matched,-1,0.0,,,,,0.0,coasting,0.7993575930595398,0.0
268.096046,no_sign_matched,-1,0.0,,,,,0.0,coasting,0.7704415917396545,0.0
268.341295,no_sign_matched,-1,0.0,,,,,0.0,coasting,0.7424923777580261,0.0
268.448879,no_sign_matched,-1,0.0,,,,,0.0,coasting,0.7154833674430847,0.0
268.69307,no_sign_matched,-1,0.0,,,,,0.0,coasting,0.6894239783287048,0.0
268.756643,no_sign_matched,-1,0.0,,,,,0.0,coasting,0.6642801761627197,0.0
268.999217,no_sign_matched,-1,0.0,,,,,0.0,coasting,0.6383435726165771,0.0
269.055341,no_sign_matched,-1,0.0,,,,,0.0,coasting,0.6156797409057617,0.0
269.281431,no_sign_matched,-1,0.0,,,,,0.0,coasting,0.5932458639144897,0.0
269.336439,no_sign_matched,-1,0.0,,,,,0.0,coasting,0.5715991258621216,0.0
269.575634,no_sign_matched,-1,0.0,,,,,0.0,coasting,0.5492395758628845,0.0
269.636644,no_sign_matched,-1,0.0,,,,,0.0,coasting,0.5297266840934753,0.0
269.868666,no_sign_matched,-1,0.0,,,,,0.0,coasting,0.5104202032089233,0.0
269.937672,no_sign_matched,-1,0.0,,,,,0.0,coasting,0.4918023943901062,0.0
270.167732,no_sign_matched,-1,0.0,,,,,0.0,coasting,0.47384992241859436,0.0
270.232745,no_sign_matched,-1,0.0,,,,,0.0,coasting,0.4565424621105194,0.0
270.4729,no_sign_matched,-1,0.0,,,,,0.0,coasting,0.4398609399795532,0.0
270.575941,no_sign_matched,-1,0.0,,,,,0.0,coasting,0.42377397418022156,0.0
270.823057,no_sign_matched,-1,0.0,,,,,0.0,coasting,0.40828296542167664,0.0
270.926259,no_sign_matched,-1,0.0,,,,,0.0,coasting,0.39335665106773376,0.0
271.167455,no_sign_matched,-1,0.0,,,,,0.0,coasting,0.37897518277168274,0.0
271.222457,no_sign_matched,-1,0.0,,,,,0.0,coasting,0.3640637993812561,0.0
271.456633,no_sign_matched,-1,0.0,,,,,0.0,coasting,0.35114845633506775,0.0
271.540636,no_sign_matched,-1,0.0,,,,,0.0,coasting,0.3373982906341553,0.0
271.756723,no_sign_matched,-1,0.0,,,,,0.0,coasting,0.3254695534706116,0.0
271.828234,no_sign_matched,-1,0.0,,,,,0.0,coasting,0.313643217086792,0.0
272.053848,no_sign_matched,-1,0.0,,,,,0.0,coasting,0.3022294044494629,0.0
272.126368,no_sign_matched,-1,0.0,,,,,0.0,coasting,0.29121896624565125,0.0
272.346926,no_sign_matched,-1,0.0,,,,,0.0,coasting,0.28060171008110046,0.0
272.409653,no_sign_matched,-1,0.0,,,,,0.0,coasting,0.27036625146865845,0.0
272.637796,no_sign_matched,-1,0.0,,,,,0.0,coasting,0.26050040125846863,0.0
272.701561,no_sign_matched,-1,0.0,,,,,0.0,coasting,0.2509910762310028,0.0
272.925468,no_sign_matched,-1,0.0,,,,,0.0,coasting,0.24182049930095673,0.0
273.045622,no_sign_matched,-1,0.0,,,,,0.0,coasting,0.23298966884613037,0.0
273.272698,no_sign_matched,-1,0.0,,,,,0.0,coasting,0.22448046505451202,0.0
273.336231,no_sign_matched,-1,0.0,,,,,0.0,coasting,0.21628116071224213,0.0
273.584955,no_sign_matched,-1,0.0,,,,,0.0,coasting,0.2083808332681656,0.0
273.645482,no_sign_matched,-1,0.0,,,,,0.0,coasting,0.20076856017112732,0.0
273.888227,no_sign_matched,-1,0.0,,,,,0.0,coasting,0.19343413412570953,0.0
273.948739,no_sign_matched,-1,0.0,,,,,0.0,coasting,0.18636731803417206,0.0
274.173558,no_sign_matched,-1,0.0,,,,,0.0,coasting,0.17955850064754486,0.0
274.232559,no_sign_matched,-1,0.0,,,,,0.0,coasting,0.17246589064598083,0.0
274.467174,no_sign_matched,-1,0.0,,,,,0.0,coasting,0.16506707668304443,0.0
274.537174,no_sign_matched,-1,0.0,,,,,0.0,coasting,0.15971876680850983,0.0
274.760725,no_sign_matched,-1,0.0,,,,,0.0,coasting,0.15399284660816193,0.0
274.827725,no_sign_matched,-1,0.0,,,,,0.0,coasting,0.14842459559440613,0.0
275.157845,no_sign_matched,-1,0.0,,,,,0.0,coasting,0.1430439054965973,0.0
275.288643,no_sign_matched,-1,0.0,,,,,0.0,coasting,0.13784891366958618,0.0
275.550111,no_sign_matched,-1,0.0,,,,,0.0,coasting,0.13283592462539673,0.0
275.617625,no_sign_matched,-1,0.0,,,,,0.0,coasting,0.12800058722496033,0.0
275.856775,no_sign_matched,-1,0.0,,,,,0.0,coasting,0.12333791702985764,0.0
275.920295,no_sign_matched,-1,0.0,,,,,0.0,coasting,0.11884260922670364,0.0
276.162109,no_sign_matched,-1,0.0,,,,,0.0,coasting,0.11450906842947006,0.0
276.224632,no_sign_matched,-1,0.0,,,,,0.0,coasting,0.11033248901367188,0.0
276.453117,no_sign_matched,-1,0.0,,,,,0.0,coasting,0.10630641877651215,0.0
276.52162,no_sign_matched,-1,0.0,,,,,0.0,coasting,0.10242655873298645,0.0
276.759194,no_sign_matched,-1,0.0,,,,,0.0,coasting,0.0986877828836441,0.0
276.819196,no_sign_matched,-1,0.0,,,,,0.0,coasting,0.09478821605443954,0.0
277.049571,no_sign_matched,-1,0.0,,,,,0.0,coasting,0.09072019159793854,0.0
277.118627,no_sign_matched,-1,0.0,,,,,0.0,coasting,0.08778764307498932,0.0
277.358736,no_sign_matched,-1,0.0,,,,,0.0,coasting,0.08464300632476807,0.0
277.463005,no_sign_matched,-1,0.0,,,,,0.0,coasting,0.08158411830663681,0.0
277.702869,no_sign_matched,-1,0.0,,,,,0.0,coasting,0.07862745225429535,0.0
277.766107,no_sign_matched,-1,0.0,,,,,0.0,coasting,0.0757722407579422,0.0
278.015177,no_sign_matched,-1,0.0,,,,,0.0,coasting,0.07301782816648483,0.0
278.072914,no_sign_matched,-1,0.0,,,,,0.0,coasting,0.07036048173904419,0.0
278.306497,no_sign_matched,-1,0.0,,,,,0.0,coasting,0.06779783219099045,0.0
278.367018,no_sign_matched,-1,0.0,,,,,0.0,coasting,0.06532680988311768,0.0
278.884481,no_sign_matched,-1,0.0,,,,,0.0,coasting,0.004653285723179579,0.017143786671390403
278.955024,no_sign_matched,-1,0.0,,,,,0.0,coasting,0.004888886120170355,0.03950272088977609
279.195202,no_sign_matched,-1,0.0,,,,,0.0,coasting,0.00492810970172286,0.021154746060189623
279.257259,no_sign_matched,-1,0.0,,,,,0.0,coasting,0.0049079484306275845,0.0
279.491401,no_sign_matched,-1,0.0,,,,,0.0,coasting,0.027290284633636475,0.0
279.592431,no_sign_matched,-1,0.0,,,,,0.0,coasting,0.03668161854147911,0.0
279.832335,no_sign_matched,-1,0.0,,,,,0.0,coasting,0.04318452253937721,0.0
279.890855,no_sign_matched,-1,0.0,,,,,0.0,coasting,0.0475953109562397,0.0
280.110379,no_sign_matched,-1,0.0,,,,,0.0,coasting,0.05045877769589424,0.0
280.180417,no_sign_matched,-1,0.0,,,,,0.0,coasting,0.05216482654213905,0.0
280.429393,no_sign_matched,-1,0.0,,,,,0.0,coasting,0.05300436541438103,0.0
280.494959,no_sign_matched,-1,0.0,,,,,0.0,coasting,0.05319524556398392,0.0
280.730368,no_sign_matched,-1,0.0,,,,,0.0,coasting,0.05290193855762482,0.0
280.794895,no_sign_matched,-1,0.0,,,,,0.0,coasting,0.05224941670894623,0.0
281.040965,no_sign_matched,-1,0.0,,,,,0.0,coasting,0.05133272707462311,0.0
281.114034,no_sign_matched,-1,0.0,,,,,0.0,coasting,0.05022519826889038,0.0
281.357623,no_sign_matched,-1,0.0,,,,,0.0,coasting,0.048983383923769,0.0
281.459149,no_sign_matched,-1,0.0,,,,,0.0,coasting,0.047650352120399475,0.0
281.711184,no_sign_matched,-1,0.0,,,,,0.0,coasting,0.04625996947288513,0.0
281.7727,no_sign_matched,-1,0.0,,,,,0.0,coasting,0.04483785107731819,0.0
282.016354,no_sign_matched,-1,0.0,,,,,0.0,coasting,0.043402981013059616,0.0
282.079291,no_sign_matched,-1,0.0,,,,,0.0,steering,0.04197126254439354,-1.0
282.361991,no_sign_matched,-1,0.0,,,,,0.0,steering,0.019441192969679832,-1.0
282.42799,no_sign_matched,-1,0.0,,,,,0.0,steering,0.01740814931690693,-1.0
282.704599,no_sign_matched,-1,0.0,,,,,0.0,coasting,0.016051150858402252,0.0819572277250645
282.77012,no_sign_matched,-1,0.0,,,,,0.0,steering,0.015398197807371616,-1.0
283.05874,no_sign_matched,-1,0.0,,,,,0.0,steering,0.015186655335128307,-1.0
283.143267,no_sign_matched,-1,0.0,,,,,0.0,steering,0.015667591243982315,-1.0
283.410787,no_sign_matched,-1,0.0,,,,,0.0,steering,0.01711287908256054,-1.0
283.535839,no_sign_matched,-1,0.0,,,,,0.0,steering,0.01945580169558525,-1.0
283.864806,no_sign_matched,-1,0.0,,,,,0.0,steering,0.02248462103307247,-1.0
283.932807,no_sign_matched,-1,0.0,,,,,0.0,steering,0.025025585666298866,-1.0
284.210127,no_sign_matched,-1,0.0,,,,,0.0,steering,0.03921622782945633,-1.0
284.277673,no_sign_matched,-1,0.0,,,,,0.0,steering,0.020255399867892265,-1.0
284.583263,no_sign_matched,-1,0.0,,,,,0.0,steering,0.0209174994379282,-1.0
284.648806,no_sign_matched,-1,0.0,,,,,0.0,steering,0.04136107861995697,-1.0
284.918655,no_sign_matched,-1,0.0,,,,,0.0,steering,0.042841967195272446,-1.0
284.989686,no_sign_matched,-1,0.0,,,,,0.0,steering,0.04402860626578331,-1.0
285.264842,no_sign_matched,-1,0.0,,,,,0.0,steering,0.045498039573431015,-1.0
285.364819,no_sign_matched,-1,0.0,,,,,0.0,steering,0.06315350532531738,-1.0
285.643886,no_sign_matched,-1,0.0,,,,,0.0,steering,0.1278192102909088,-1.0
285.757996,no_sign_matched,-1,0.0,,,,,0.0,steering,0.18948106467723846,-0.6531483739412501
286.084189,no_sign_matched,-1,0.0,,,,,0.0,steering,0.23069894313812256,-0.34211555953390305
286.139683,no_sign_matched,-1,0.0,,,,,0.0,steering,0.2942458391189575,-0.43579018032963723
286.415173,no_sign_matched,-1,0.0,,,,,0.0,coasting,0.36575281620025635,0.09439045243556704
286.493316,no_sign_matched,-1,0.0,,,,,0.0,steering,0.407511442899704,-0.29181490759455225
286.783325,no_sign_matched,-1,0.0,,,,,0.0,steering,0.4036058783531189,-0.2004171300870006
286.854331,no_sign_matched,-1,0.0,,,,,0.0,steering,0.4220663011074066,-0.25177696201234295
287.167477,no_sign_matched,-1,0.0,,,,,0.0,steering,0.48068946599960327,-0.1777663976591425
287.243011,no_sign_matched,-1,0.0,,,,,0.0,steering,0.5317941904067993,-0.2057800169920465
287.535177,no_sign_matched,-1,0.0,,,,,0.0,steering,0.568079948425293,-0.16104169338736798
287.61125,no_sign_matched,-1,0.0,,,,,0.0,steering,0.616930365562439,-0.1472924215261951
288.027738,no_sign_matched,-1,0.0,,,,,0.0,steering,0.6449772715568542,-0.13488123070343735
288.34212,no_sign_matched,-1,0.0,,,,,0.0,steering,0.6766550540924072,-0.10764755741081607
288.419646,no_sign_matched,-1,0.0,,,,,0.0,steering,0.73597651720047,-0.11933110779955954
295.069995,no_sign_matched,-1,0.0,,,,,0.0,steering,2.078677177429199,0.1896012672452619
295.415881,no_sign_matched,-1,0.0,,,,,0.0,steering,2.1022629737854004,0.17176547021895508
295.495931,no_sign_matched,-1,0.0,,,,,0.0,steering,2.1229543685913086,0.19293287511226587
295.776286,no_sign_matched,-1,0.0,,,,,0.0,steering,2.1439218521118164,0.14821127800299536
295.862412,no_sign_matched,-1,0.0,,,,,0.0,steering,2.1740264892578125,0.19339487426356017
296.172409,no_sign_matched,-1,0.0,,,,,0.0,steering,2.1910972595214844,0.14967315503169204
296.24391,no_sign_matched,-1,0.0,,,,,0.0,steering,2.2161946296691895,0.1943010529793155
296.551751,no_sign_matched,-1,0.0,,,,,0.0,steering,2.2293293476104736,0.15092648404282072
296.628235,no_sign_matched,-1,0.0,,,,,0.0,steering,2.251511335372925,0.19545245209651177
296.919374,no_sign_matched,-1,0.0,,,,,0.0,steering,2.262226104736328,0.15278213778549804
297.041893,no_sign_matched,-1,0.0,,,,,0.0,steering,2.282259702682495,0.19675723823183
297.350136,no_sign_matched,-1,0.0,,,,,0.0,steering,2.290961980819702,0.15501731854602252
297.431639,no_sign_matched,-1,0.0,,,,,0.0,steering,2.30910325050354,0.19820526609076744
297.733779,no_sign_matched,-1,0.0,,,,,0.0,steering,2.3160486221313477,0.1577254407476467
297.808307,no_sign_matched,-1,0.0,,,,,0.0,steering,2.3324997425079346,0.19980871232336875
298.108372,no_sign_matched,-1,0.0,,,,,0.0,steering,2.3379898071289062,0.15605282650723484
298.180178,no_sign_matched,-1,0.0,,,,,0.0,steering,2.353527784347534,0.20162699196101241
298.486803,no_sign_matched,-1,0.0,,,,,0.0,steering,2.357311248779297,0.1587203885576062
298.557664,no_sign_matched,-1,0.0,,,,,0.0,steering,2.371408700942993,0.20369816815465
298.895994,no_sign_matched,-1,0.0,,,,,0.0,steering,2.3739688396453857,0.16104766579057242
299.005702,no_sign_matched,-1,0.0,,,,,0.0,steering,2.3871102333068848,0.20594189284841
299.321234,no_sign_matched,-1,0.0,,,,,0.0,steering,2.388610363006592,0.18064025222755636
299.396841,no_sign_matched,-1,0.0,,,,,0.0,steering,2.398712635040283,0.21121529179300666
299.701205,no_sign_matched,-1,0.0,,,,,0.0,steering,2.4011294841766357,0.18322831446525756
300.870831,no_sign_matched,-1,0.0,,,,,0.0,steering,2.4458229541778564,0.2567678777229061
301.214453,no_sign_matched,-1,0.0,,,,,0.0,steering,2.4417991638183594,0.2412568613591844
301.325262,no_sign_matched,-1,0.0,,,,,0.0,steering,2.43088960647583,0.2664277549865079
301.625835,no_sign_matched,-1,0.0,,,,,0.0,steering,2.427140951156616,0.21246304753144316
301.747344,no_sign_matched,-1,0.0,,,,,0.0,steering,2.4439539909362793,0.27021070489869625
302.059888,no_sign_matched,-1,0.0,,,,,0.0,steering,2.4413270950317383,0.2149774610941303
302.14151,no_sign_matched,-1,0.0,,,,,0.0,steering,2.453878164291382,0.3181411780358353
302.442668,no_sign_matched,-1,0.0,,,,,0.0,steering,2.4442763328552246,0.2656472416487848
302.531889,no_sign_matched,-1,0.0,,,,,0.0,steering,2.4503912925720215,0.3198133980861249
302.844287,no_sign_matched,-1,0.0,,,,,0.0,steering,2.443610191345215,0.2569818529911726
302.912836,no_sign_matched,-1,0.0,,,,,0.0,steering,2.459643602371216,0.3197081673539655
303.207305,no_sign_matched,-1,0.0,,,,,0.0,steering,2.4528040885925293,0.2593541209889904
303.439863,no_sign_matched,-1,0.0,,,,,0.0,steering,2.466099262237549,0.32015300816259146
303.778605,no_sign_matched,-1,0.0,,,,,0.0,steering,2.458095073699951,0.2599854191871342
303.903656,no_sign_matched,-1,0.0,,,,,0.0,steering,2.4709794521331787,0.32345881072107263
304.261127,no_sign_matched,-1,0.0,,,,,0.0,steering,2.4621777534484863,0.26067795682355477
304.515577,no_sign_matched,-1,0.0,,,,,0.0,steering,2.4752070903778076,0.3234093484196219
304.941179,no_sign_matched,-1,0.0,,,,,0.0,steering,2.466369152069092,0.26196648109148885
305.043217,no_sign_matched,-1,0.0,,,,,0.0,steering,2.4789419174194336,0.3268176719421605
305.499378,no_sign_matched,-1,0.0,,,,,0.0,steering,2.4693470001220703,0.26327891568824247
305.812575,no_sign_matched,-1,0.0,,,,,0.0,steering,2.4820656776428223,0.3261889564853726
306.155744,no_sign_matched,-1,0.0,,,,,0.0,steering,2.4726946353912354,0.2623341087087781
306.272577,no_sign_matched,-1,0.0,,,,,0.0,steering,2.485410690307617,0.3257615738799183
306.596258,no_sign_matched,-1,0.0,,,,,0.0,steering,2.4757378101348877,0.29078523219452923
306.674785,no_sign_matched,-1,0.0,,,,,0.0,steering,2.4822254180908203,0.32847885917019803
307.033792,no_sign_matched,-1,0.0,,,,,0.0,steering,2.4760327339172363,0.2885730914810057
307.274044,no_sign_matched,-1,0.0,,,,,0.0,steering,2.486255168914795,0.32651580091044385
307.604937,no_sign_matched,-1,0.0,,,,,0.0,steering,2.480271339416504,0.28971795092360947
307.678163,no_sign_matched,-1,0.0,,,,,0.0,steering,2.4890315532684326,0.286563106522991
307.969496,no_sign_matched,-1,0.0,,,,,0.0,steering,2.492563247680664,0.24616108491663075
308.043763,no_sign_matched,-1,0.0,,,,,0.0,steering,2.501248359680176,0.30473076246264963
308.320838,no_sign_matched,-1,0.0,,,,,0.0,steering,2.4896154403686523,0.247975164172095
308.449584,no_sign_matched,-1,0.0,,,,,0.0,steering,2.4987077713012695,0.3074974709740313
308.788732,no_sign_matched,-1,0.0,,,,,0.0,steering,2.488795518875122,0.2485349745473717
308.864877,no_sign_matched,-1,0.0,,,,,0.0,steering,2.499347686767578,0.30664425784477983
309.132025,no_sign_matched,-1,0.0,,,,,0.0,steering,2.4900081157684326,0.24831944440360582
309.213562,no_sign_matched,-1,0.0,,,,,0.0,steering,2.500445604324341,0.3628301834641247
309.515968,no_sign_matched,-1,0.0,,,,,0.0,steering,2.4864742755889893,0.3051842565611286
309.595181,no_sign_matched,-1,0.0,,,,,0.0,steering,2.4884984493255615,0.36190814169387026
309.889624,no_sign_matched,-1,0.0,,,,,0.0,steering,2.477268934249878,0.2939622623775841
309.968066,no_sign_matched,-1,0.0,,,,,0.0,steering,2.493861675262451,0.36090236173534035
310.259872,no_sign_matched,-1,0.0,,,,,0.0,steering,2.483374834060669,0.29300978416170337
310.329659,no_sign_matched,-1,0.0,,,,,0.0,steering,2.496952772140503,0.3344239112022945
310.642109,no_sign_matched,-1,0.0,,,,,0.0,steering,2.4897780418395996,0.265320379897616
310.749061,no_sign_matched,-1,0.0,,,,,0.0,steering,2.503985643386841,0.33241703216525903
311.055117,no_sign_matched,-1,0.0,,,,,0.0,steering,2.492155075073242,0.27021396885956267
311.131795,no_sign_matched,-1,0.0,,,,,0.0,steering,2.502243995666504,0.3317481778626067
311.410355,no_sign_matched,-1,0.0,,,,,0.0,steering,2.4908838272094727,0.27040949696845595
311.492375,no_sign_matched,-1,0.0,,,,,0.0,steering,2.50211763381958,0.3337004711745207
311.81525,no_sign_matched,-1,0.0,,,,,0.0,steering,2.4910197257995605,0.2686757498088956
311.897611,no_sign_matched,-1,0.0,,,,,0.0,steering,2.5030577182769775,0.3320476605907391
312.182471,no_sign_matched,-1,0.0,,,,,0.0,steering,2.4921257495880127,0.2688351455313371
312.260178,no_sign_matched,-1,0.0,,,,,0.0,steering,2.5036256313323975,0.33059608338603313
312.54632,no_sign_matched,-1,0.0,,,,,0.0,steering,2.4927992820739746,0.268911790203685
312.664849,no_sign_matched,-1,0.0,,,,,0.0,steering,2.504060983657837,0.3316523975302104
313.000978,no_sign_matched,-1,0.0,,,,,0.0,steering,2.492980480194092,0.2689831142436895
313.094511,no_sign_matched,-1,0.0,,,,,0.0,steering,2.504394054412842,0.32947614841269196
313.422446,no_sign_matched,-1,0.0,,,,,0.0,steering,2.493770122528076,0.2956559244165161
313.514475,no_sign_matched,-1,0.0,,,,,0.0,steering,2.4992077350616455,0.3305087611948933
313.810179,no_sign_matched,-1,0.0,,,,,0.0,steering,2.4925529956817627,0.2908696224353258
313.886795,no_sign_matched,-1,0.0,,,,,0.0,steering,2.5018258094787598,0.4020317315221768
314.169983,no_sign_matched,-1,0.0,,,,,0.0,steering,2.4855079650878906,0.3379803979168658
314.250024,no_sign_matched,-1,0.0,,,,,0.0,steering,2.490082263946533,0.39699682615762744
314.570887,no_sign_matched,-1,0.0,,,,,0.0,steering,2.47772479057312,0.323056693097939
314.688163,no_sign_matched,-1,0.0,,,,,0.0,steering,2.4966092109680176,0.39166625075164924
315.006974,no_sign_matched,-1,0.0,,,,,0.0,steering,2.4848995208740234,0.3182463065723284
315.073247,no_sign_matched,-1,0.0,,,,,0.0,steering,2.499915361404419,0.3825253747077709
315.351728,no_sign_matched,-1,0.0,,,,,0.0,steering,2.4869863986968994,0.3108577414607345
315.423052,no_sign_matched,-1,0.0,,,,,0.0,steering,2.5011279582977295,0.33987556672336344
315.722391,no_sign_matched,-1,0.0,,,,,0.0,steering,2.4965569972991943,0.26711273071392067
315.805832,no_sign_matched,-1,0.0,,,,,0.0,steering,2.511235237121582,0.33312949340185305
316.097227,no_sign_matched,-1,0.0,,,,,0.0,steering,2.498605489730835,0.2708808899911973
316.177004,no_sign_matched,-1,0.0,,,,,0.0,steering,2.5077502727508545,0.3313665366016108
316.455643,no_sign_matched,-1,0.0,,,,,0.0,steering,2.4958014488220215,0.2667957393251093
316.528799,no_sign_matched,-1,0.0,,,,,0.0,steering,2.5072526931762695,0.32918425297131965
316.838013,no_sign_matched,-1,0.0,,,,,0.0,steering,2.496187448501587,0.2874360806052068
316.971262,no_sign_matched,-1,0.0,,,,,0.0,steering,2.503026008605957,0.32326733067472496
317.273041,no_sign_matched,-1,0.0,,,,,0.0,steering,2.496305227279663,0.28200132101778175
317.356045,no_sign_matched,-1,0.0,,,,,0.0,steering,2.5053038597106934,0.34108245091568773
317.631632,no_sign_matched,-1,0.0,,,,,0.0,steering,2.4936811923980713,0.276541056495556
317.712753,no_sign_matched,-1,0.0,,,,,0.0,steering,2.5061769485473633,0.27000078828796714
318.012969,no_sign_matched,-1,0.0,,,,,0.0,steering,2.5106723308563232,0.20764460557998285
318.104488,no_sign_matched,-1,0.0,,,,,0.0,steering,2.520905017852783,0.2660502958222679
318.391751,no_sign_matched,-1,0.0,,,,,0.0,steering,2.509552001953125,0.2131241660650669
318.481061,no_sign_matched,-1,0.0,,,,,0.0,steering,2.5150368213653564,0.2642452306634961
318.758111,no_sign_matched,-1,0.0,,,,,0.0,steering,2.5058693885803223,0.2117974717615692
318.887698,no_sign_matched,-1,0.0,,,,,0.0,steering,2.5134780406951904,0.26210727262807787
319.215668,no_sign_matched,-1,0.0,,,,,0.0,steering,2.505302667617798,0.21128936629903186
319.296739,no_sign_matched,-1,0.0,,,,,0.0,steering,2.5128140449523926,0.33170532029388483
319.580501,no_sign_matched,-1,0.0,,,,,0.0,steering,2.499307155609131,0.2814647129619891
319.662024,no_sign_matched,-1,0.0,,,,,0.0,steering,2.497779369354248,0.3287104591636933
319.971418,no_sign_matched,-1,0.0,,,,,0.0,steering,2.4881937503814697,0.2828499413815715
320.052457,no_sign_matched,-1,0.0,,,,,0.0,steering,2.4997105598449707,0.32090484344705306
320.389765,no_sign_matched,-1,0.0,,,,,0.0,steering,2.494290351867676,0.2753851817952648
320.465764,no_sign_matched,-1,0.0,,,,,0.0,steering,2.5043742656707764,0.33191460874752515
320.752967,no_sign_matched,-1,0.0,,,,,0.0,steering,2.4935905933380127,0.2666739234992415
320.886017,no_sign_matched,-1,0.0,,,,,0.0,steering,2.5059447288513184,0.3225089746881897
321.237006,no_sign_matched,-1,0.0,,,,,0.0,steering,2.496306896209717,0.2601059587192946
321.323052,no_sign_matched,-1,0.0,,,,,0.0,steering,2.5076022148132324,0.31321222326657233
321.606292,no_sign_matched,-1,0.0,,,,,0.0,steering,2.4981582164764404,0.2536082289128219
321.694069,no_sign_matched,-1,0.0,,,,,0.0,steering,2.508626699447632,0.30646191614495977
321.96399,no_sign_matched,-1,0.0,,,,,0.0,steering,2.49919056892395,0.24407879591665949
322.040609,no_sign_matched,-1,0.0,,,,,0.0,steering,2.509882688522339,0.24448291617464496
322.325517,no_sign_matched,-1,0.0,,,,,0.0,steering,2.511854410171509,0.18936161723558737
322.404608,no_sign_matched,-1,0.0,,,,,0.0,steering,2.5195722579956055,0.23852107361376176
322.688046,no_sign_matched,-1,0.0,,,,,0.0,steering,2.4739789962768555,0.18613594118732024
322.783708,no_sign_matched,-1,0.0,,,,,0.0,steering,2.477837085723877,0.23728680178593198
323.071716,no_sign_matched,-1,0.0,,,,,0.0,steering,2.460894823074341,0.21081735890787703
323.200729,no_sign_matched,-1,0.0,,,,,0.0,steering,2.463228702545166,0.23553244294807718
323.468224,no_sign_matched,-1,0.0,,,,,0.0,steering,2.474738836288452,0.19450141779136676
323.556082,no_sign_matched,-1,0.0,,,,,0.0,steering,2.4944474697113037,0.22639626557199796
323.835302,no_sign_matched,-1,0.0,,,,,0.0,steering,2.4973831176757812,0.19280945899456708
323.931932,no_sign_matched,-1,0.0,,,,,0.0,steering,2.505298137664795,0.2380671640425087
324.237624,no_sign_matched,-1,0.0,,,,,0.0,steering,2.4990146160125732,0.18681187789403852
324.337254,no_sign_matched,-1,0.0,,,,,0.0,steering,2.506937265396118,0.23049714641138827
324.607491,no_sign_matched,-1,0.0,,,,,0.0,steering,2.5010643005371094,0.18693423969664819
324.685437,no_sign_matched,-1,0.0,,,,,0.0,steering,2.507464647293091,0.22608101611215298
325.012178,no_sign_matched,-1,0.0,,,,,0.0,steering,2.5019679069519043,0.1821546554974372
325.14446,no_sign_matched,-1,0.0,,,,,0.0,steering,2.508275032043457,0.22149018283465327
325.466295,no_sign_matched,-1,0.0,,,,,0.0,steering,2.5027356147766113,0.17521598986681153
325.55254,no_sign_matched,-1,0.0,,,,,0.0,steering,2.495185613632202,0.2177563407033393
325.871631,no_sign_matched,-1,0.0,,,,,0.0,steering,2.489218235015869,0.1705073720869497
326.170358,no_sign_matched,-1,0.0,,,,,0.0,steering,2.50075626373291,0.21250432885379267
326.489393,no_sign_matched,-1,0.0,,,,,0.0,steering,2.5002286434173584,0.17908113309002352
326.579645,no_sign_matched,-1,0.0,,,,,0.0,steering,2.507591485977173,0.206808899543213
326.848742,no_sign_matched,-1,0.0,,,,,0.0,steering,2.5056357383728027,0.17341053678863197
326.931347,no_sign_matched,-1,0.0,,,,,0.0,steering,2.5109009742736816,0.2012646872564455
327.23044,no_sign_matched,-1,0.0,,,,,0.0,steering,2.5075316429138184,0.16861666507575662
327.378753,no_sign_matched,-1,0.0,,,,,0.0,steering,2.511795997619629,0.2042335703860378
327.668739,no_sign_matched,-1,0.0,,,,,0.0,steering,2.506702423095703,0.16206115250042621
327.739259,no_sign_matched,-1,0.0,,,,,0.0,steering,2.5120437145233154,0.20119504750796566
328.061795,no_sign_matched,-1,0.0,,,,,0.0,steering,2.506814479827881,0.15652257454556942
328.145696,no_sign_matched,-1,0.0,,,,,0.0,steering,2.5122621059417725,0.15196530883473827
328.438531,no_sign_matched,-1,0.0,,,,,0.0,steering,2.513925552368164,0.11627674191320583
328.523565,no_sign_matched,-1,0.0,,,,,0.0,steering,2.5170633792877197,0.15216720908790754
328.808107,no_sign_matched,-1,0.0,,,,,0.0,steering,2.5119895935058594,0.11648879793043436
328.884116,no_sign_matched,-1,0.0,,,,,0.0,steering,2.514431953430176,0.14734739432515995
329.170485,no_sign_matched,-1,0.0,,,,,0.0,steering,2.525806427001953,0.11448463536703944
329.273522,no_sign_matched,-1,0.0,,,,,0.0,steering,2.5292975902557373,0.14330559234918597
329.566826,no_sign_matched,-1,0.0,,,,,0.0,steering,2.520510673522949,0.11380700887397757
329.695639,no_sign_matched,-1,0.0,,,,,0.0,steering,2.5176939964294434,0.14318748733469894
329.976718,no_sign_matched,-1,0.0,,,,,0.0,steering,2.5111021995544434,0.11153335333928156
330.058253,no_sign_matched,-1,0.0,,,,,0.0,steering,2.5120840072631836,0.11350077852652989
330.467423,no_sign_matched,-1,0.0,,,,,0.0,steering,2.5128695964813232,0.11185807221750828
330.829932,no_sign_matched,-1,0.0,,,,,0.0,steering,2.511138439178467,0.1104453379380852
331.263822,no_sign_matched,-1,0.0,,,,,0.0,steering,2.5105366706848145,0.10901117889936242
331.658103,no_sign_matched,-1,0.0,,,,,0.0,steering,2.5101592540740967,0.10758780662672837
332.204411,no_sign_matched,-1,0.0,,,,,0.0,steering,2.5181076526641846,0.1059437718539965
332.656064,no_sign_matched,-1,0.0,,,,,0.0,steering,2.51997709274292,0.10445487430233812
333.056861,no_sign_matched,-1,0.0,,,,,0.0,steering,2.5120091438293457,0.10326043668996497
333.458303,no_sign_matched,-1,0.0,,,,,0.0,steering,2.5076568126678467,0.13927527095001108
333.725517,no_sign_matched,-1,0.0,,,,,0.0,steering,2.501847743988037,0.11974414062941881
333.807038,no_sign_matched,-1,0.0,,,,,0.0,steering,2.503161907196045,0.13579212521882866
334.111116,no_sign_matched,-1,0.0,,,,,0.0,steering,2.502150774002075,0.11385167889346108
334.202258,no_sign_matched,-1,0.0,,,,,0.0,steering,2.504589319229126,0.1319125178935295
334.514901,no_sign_matched,-1,0.0,,,,,0.0,steering,2.5030245780944824,0.11190777180140131
334.751091,no_sign_matched,-1,0.0,,,,,0.0,steering,2.5048024654388428,0.13641227207075635
335.07974,no_sign_matched,-1,0.0,,,,,0.0,steering,2.5022871494293213,0.10543957720400764
335.156258,no_sign_matched,-1,0.0,,,,,0.0,steering,2.5051109790802,0.13095789146630102
335.454871,no_sign_matched,-1,0.0,,,,,0.0,steering,2.502918243408203,0.10109515929656744
392.145221,sign_9_104,9,0.5042492151260376,388,0,32,6,,,,
392.145221,sign_9_104,9,0.5042492151260376,,,,,0.0,none,2.5001232624053955,0.001347284855440913
407.911986,sign_9_105,9,0.5738356113433838,362,207,6,15,,,,
407.911986,sign_9_105,9,0.5738356113433838,,,,,0.0,none,2.4992477893829346,-0.0032144055332232265
407.98413,no_sign_matched,-1,0.0,,,,,0.0,steering,2.499669075012207,-1.0
